Fetching https://github.com/ml-explore/mlx-swift-lm.git from cache
Fetching https://github.com/huggingface/swift-huggingface from cache
Fetching https://github.com/apple/swift-numerics from cache
Fetching https://github.com/apple/swift-argument-parser from cache
Fetching https://github.com/swiftlang/swift-syntax.git from cache
Fetching https://github.com/huggingface/swift-jinja.git from cache
Fetched https://github.com/swiftlang/swift-syntax.git from cache (0.79s)
Fetched https://github.com/huggingface/swift-huggingface from cache (0.79s)
Fetching https://github.com/ibireme/yyjson.git from cache
Fetching https://github.com/huggingface/swift-transformers from cache
Fetched https://github.com/apple/swift-argument-parser from cache (1.04s)
Fetched https://github.com/apple/swift-numerics from cache (1.04s)
Fetching https://github.com/ml-explore/mlx-swift from cache
Fetching https://github.com/apple/swift-crypto.git from cache
Fetched https://github.com/ml-explore/mlx-swift-lm.git from cache (1.05s)
Fetched https://github.com/huggingface/swift-jinja.git from cache (1.05s)
warning: 'yyjson': skipping cache due to an error: The file “maintenance.lock” doesn’t exist.
warning: 'swift-transformers': skipping cache due to an error: The file “maintenance.lock” doesn’t exist.
Fetching https://github.com/apple/swift-asn1.git from cache
Fetching https://github.com/mattt/EventSource.git from cache
warning: 'mlx-swift': skipping cache due to an error: The file “maintenance.lock” doesn’t exist.
Fetched https://github.com/apple/swift-crypto.git from cache (0.64s)
Fetching https://github.com/apple/swift-collections.git from cache
warning: 'swift-asn1': skipping cache due to an error: The file “maintenance.lock” doesn’t exist.
Fetched https://github.com/mattt/EventSource.git from cache (0.65s)
Fetching https://github.com/Pummelchen/WebTransport.git from cache
Fetched https://github.com/apple/swift-collections.git from cache (0.65s)
[1/7001] Fetching swift-transformers
[2312/11900] Fetching swift-transformers, yyjson
Fetched https://github.com/huggingface/swift-transformers from cache (2.01s)
[147/4899] Fetching yyjson
[981/21443] Fetching yyjson, mlx-swift
[16618/23426] Fetching yyjson, mlx-swift, swift-asn1
Fetched https://github.com/Pummelchen/WebTransport.git from cache (1.16s)
Computing version for https://github.com/Pummelchen/WebTransport.git
Computed https://github.com/Pummelchen/WebTransport.git at 1.3.7 (3.56s)
Computing version for https://github.com/huggingface/swift-transformers
Fetched https://github.com/apple/swift-asn1.git from cache (1.90s)
[20121/21443] Fetching yyjson, mlx-swift
Computed https://github.com/huggingface/swift-transformers at 1.3.4 (0.06s)
Fetched https://github.com/ml-explore/mlx-swift from cache (2.63s)
Fetched https://github.com/ibireme/yyjson.git from cache (2.99s)
Computing version for https://github.com/huggingface/swift-huggingface
Computed https://github.com/huggingface/swift-huggingface at 0.10.1 (0.21s)
Computing version for https://github.com/ml-explore/mlx-swift-lm.git
Computed https://github.com/ml-explore/mlx-swift-lm.git at 3.31.4 (0.02s)
Computing version for https://github.com/ibireme/yyjson.git
Computed https://github.com/ibireme/yyjson.git at 0.12.0 (0.02s)
Computing version for https://github.com/apple/swift-crypto.git
Computed https://github.com/apple/swift-crypto.git at 4.5.2 (0.02s)
Computing version for https://github.com/apple/swift-collections.git
Computed https://github.com/apple/swift-collections.git at 1.6.0 (0.03s)
Computing version for https://github.com/huggingface/swift-jinja.git
Computed https://github.com/huggingface/swift-jinja.git at 2.5.0 (0.02s)
Computing version for https://github.com/mattt/EventSource.git
Computed https://github.com/mattt/EventSource.git at 1.5.1 (0.02s)
Computing version for https://github.com/swiftlang/swift-syntax.git
Computed https://github.com/swiftlang/swift-syntax.git at 603.0.2 (0.03s)
Computing version for https://github.com/ml-explore/mlx-swift
Computed https://github.com/ml-explore/mlx-swift at 0.31.6 (0.02s)
Computing version for https://github.com/apple/swift-asn1.git
Computed https://github.com/apple/swift-asn1.git at 1.7.2 (0.02s)
Computing version for https://github.com/apple/swift-argument-parser
Computed https://github.com/apple/swift-argument-parser at 1.8.2 (0.02s)
Computing version for https://github.com/apple/swift-numerics
Computed https://github.com/apple/swift-numerics at 1.1.1 (0.02s)
Creating working copy for https://github.com/huggingface/swift-transformers
Working copy of https://github.com/huggingface/swift-transformers resolved at 1.3.4
Creating working copy for https://github.com/ibireme/yyjson.git
Working copy of https://github.com/ibireme/yyjson.git resolved at 0.12.0
Creating working copy for https://github.com/Pummelchen/WebTransport.git
Working copy of https://github.com/Pummelchen/WebTransport.git resolved at 1.3.7
Creating working copy for https://github.com/huggingface/swift-jinja.git
Working copy of https://github.com/huggingface/swift-jinja.git resolved at 2.5.0
Creating working copy for https://github.com/apple/swift-collections.git
Working copy of https://github.com/apple/swift-collections.git resolved at 1.6.0
Creating working copy for https://github.com/huggingface/swift-huggingface
Working copy of https://github.com/huggingface/swift-huggingface resolved at 0.10.1
Creating working copy for https://github.com/apple/swift-argument-parser
Working copy of https://github.com/apple/swift-argument-parser resolved at 1.8.2
Creating working copy for https://github.com/ml-explore/mlx-swift
Working copy of https://github.com/ml-explore/mlx-swift resolved at 0.31.6
Creating working copy for https://github.com/apple/swift-crypto.git
Working copy of https://github.com/apple/swift-crypto.git resolved at 4.5.2
Creating working copy for https://github.com/apple/swift-asn1.git
Working copy of https://github.com/apple/swift-asn1.git resolved at 1.7.2
Creating working copy for https://github.com/mattt/EventSource.git
Working copy of https://github.com/mattt/EventSource.git resolved at 1.5.1
Creating working copy for https://github.com/apple/swift-numerics
Working copy of https://github.com/apple/swift-numerics resolved at 1.1.1
Creating working copy for https://github.com/ml-explore/mlx-swift-lm.git
Working copy of https://github.com/ml-explore/mlx-swift-lm.git resolved at 3.31.4
Creating working copy for https://github.com/swiftlang/swift-syntax.git
Working copy of https://github.com/swiftlang/swift-syntax.git resolved at 603.0.2
[0/8] Write sources
[3/8] Write encuda-tool-entitlement.plist
[4/8] Write swift-version--58304C5D6DBC2206.txt
[6/10] Compiling ArgumentParserToolInfo ToolInfo.swift
[7/10] Emitting module ArgumentParserToolInfo
[8/57] Emitting module ArgumentParser
[9/63] Compiling ArgumentParser ArgumentVisibility.swift
[10/63] Compiling ArgumentParser CompletionKind.swift
[11/63] Compiling ArgumentParser Errors.swift
[12/63] Compiling ArgumentParser Flag.swift
[13/63] Compiling ArgumentParser NameSpecification.swift
[14/63] Compiling ArgumentParser Option.swift
[15/63] Compiling ArgumentParser OptionGroup.swift
[16/63] Compiling ArgumentParser Mutex.swift
[17/63] Compiling ArgumentParser Platform.swift
[18/63] Compiling ArgumentParser SequenceExtensions.swift
[19/63] Compiling ArgumentParser StringExtensions.swift
[20/63] Compiling ArgumentParser SwiftExtensions.swift
[21/63] Compiling ArgumentParser Tree.swift
[22/63] Compiling ArgumentParser Name.swift
[23/63] Compiling ArgumentParser Parsed.swift
[24/63] Compiling ArgumentParser ParsedValues.swift
[25/63] Compiling ArgumentParser ParserError.swift
[26/63] Compiling ArgumentParser SplitArguments.swift
[27/63] Compiling ArgumentParser DumpHelpGenerator.swift
[28/63] Compiling ArgumentParser BashCompletionsGenerator.swift
[29/63] Compiling ArgumentParser CompletionsGenerator.swift
[30/63] Compiling ArgumentParser FishCompletionsGenerator.swift
[31/63] Compiling ArgumentParser ZshCompletionsGenerator.swift
[32/63] Compiling ArgumentParser Argument.swift
[33/63] Compiling ArgumentParser ArgumentDiscussion.swift
[34/63] Compiling ArgumentParser ArgumentHelp.swift
[35/63] Compiling ArgumentParser ParentCommand.swift
[36/63] Compiling ArgumentParser AsyncParsableCommand.swift
[37/63] Compiling ArgumentParser CommandConfiguration.swift
[38/63] Compiling ArgumentParser CommandGroup.swift
[39/63] Compiling ArgumentParser EnumerableFlag.swift
[40/63] Compiling ArgumentParser ExpressibleByArgument.swift
[41/63] Compiling ArgumentParser ParsableArguments.swift
[42/63] Compiling ArgumentParser AsyncCompletionsValidator.swift
[43/63] Compiling ArgumentParser CodingKeyValidator.swift
[44/63] Compiling ArgumentParser NonsenseFlagsValidator.swift
[45/63] Compiling ArgumentParser ParsableArgumentsValidation.swift
[46/63] Compiling ArgumentParser PositionalArgumentsValidator.swift
[47/63] Compiling ArgumentParser UniqueNamesValidator.swift
[48/63] Compiling ArgumentParser ParsableCommand.swift
[49/63] Compiling ArgumentParser ArgumentDecoder.swift
[50/63] Compiling ArgumentParser ArgumentDefinition.swift
[51/63] Compiling ArgumentParser ArgumentSet.swift
[52/63] Compiling ArgumentParser CommandParser.swift
[53/63] Compiling ArgumentParser InputKey.swift
[54/63] Compiling ArgumentParser InputOrigin.swift
[55/63] Compiling ArgumentParser HelpCommand.swift
[56/63] Compiling ArgumentParser HelpGenerator.swift
[57/63] Compiling ArgumentParser MessageInfo.swift
[58/63] Compiling ArgumentParser UsageGenerator.swift
[59/63] Compiling ArgumentParser CollectionExtensions.swift
[60/63] Compiling ArgumentParser Foundation.swift
[61/69] Compiling encuda encuda-error.swift
[62/69] Compiling encuda encuda.swift
[63/69] Compiling encuda encuda-utils.swift
[64/69] Emitting module encuda
[65/69] Compiling encuda encuda-compile.swift
[66/69] Compiling encuda encuda-link.swift
[66/69] Write Objects.LinkFileList
[67/69] Linking encuda-tool
[68/69] Applying encuda-tool
[1/1] Compiling plugin CudaBuild
[2/2] Compiling plugin GenerateManual
[3/3] Compiling plugin GenerateDoccReference
Building for debugging...
[3/239] /Users/node1/chatbots-audit/AUDIT/baseline/phaseE/scratch-asan/arm64-apple-macosx/debug/ChatBotsPackageTests.derived/runner.swift
[4/239] Write chatbots-cli-entitlement.plist
[4/239] Write sources
[4/239] Write chatbots-probe-entitlement.plist
[5/239] Write sources
[9/239] Write ChatBots-entitlement.plist
[9/239] Copying gpt2_tokenizer_config.json
[9/239] Write sources
[9/239] Copying PrivacyInfo.xcprivacy
[14/239] Copying t5_tokenizer_config.json
[15/239] Write sources
[40/239] Compiling version.cpp
[41/239] Compiling _NumericsShims _NumericsShims.c
[42/239] Write swift-version--58304C5D6DBC2206.txt
[43/239] Compiling scheduler.cpp
[44/239] Compiling utils.cpp
[45/249] Compiling WebTransportSecurityShim WebTransportSecurityShim.m
[47/260] Compiling RealModule RealFunctions.swift
[48/261] Compiling RealModule RelaxedArithmetic.swift
[49/261] Compiling RealModule Float80+Real.swift
[50/261] Compiling RealModule Float16+Real.swift
[51/261] Compiling RealModule Real.swift
[52/261] Compiling RealModule ElementaryFunctions.swift
[53/261] Compiling RealModule Float+Real.swift
[54/261] Compiling RealModule AlgebraicField.swift
[55/261] Compiling RealModule ApproximateEquality.swift
[56/261] Compiling RealModule AugmentedArithmetic.swift
[57/261] Compiling RealModule Double+Real.swift
[58/261] Emitting module RealModule
[58/263] Compiling random.cpp
[60/263] Compiling MLXHuggingFaceMacros HuggingFaceIntegrationMacros.swift
[61/263] Emitting module MLXHuggingFaceMacros
[62/286] Compiling InternalCollectionsUtilities UnsafeMutableRawBufferPointer+Extras.swift
[63/286] Compiling InternalCollectionsUtilities UnsafeRawBufferPointer+Extras.swift
[64/288] Compiling InternalCollectionsUtilities LifetimeOverride.swift
[65/288] Compiling InternalCollectionsUtilities RandomAccessCollection+Offsets.swift
[66/288] Compiling InternalCollectionsUtilities Span+Extras.swift
[67/288] Compiling InternalCollectionsUtilities _SortedCollection.swift
[68/288] Compiling InternalCollectionsUtilities _UniqueCollection.swift
[69/288] Compiling InternalCollectionsUtilities Debugging.swift
[70/288] Compiling InternalCollectionsUtilities Descriptions.swift
[71/288] Compiling InternalCollectionsUtilities FixedWidthInteger+roundUpToPowerOfTwo.swift
[72/288] Compiling InternalCollectionsUtilities UnsafeBufferPointer+Extras.swift
[73/288] Compiling InternalCollectionsUtilities UnsafeMutableBufferPointer+Extras.swift
[74/288] Compiling InternalCollectionsUtilities String+Padding.swift
[75/288] Compiling InternalCollectionsUtilities _UnsafeBitSet+Index.swift
[76/288] Compiling InternalCollectionsUtilities Integer rank.swift
[77/288] Compiling InternalCollectionsUtilities UInt+first and last set bit.swift
[78/288] Compiling InternalCollectionsUtilities UInt+reversed.swift
[79/288] Emitting module InternalCollectionsUtilities
[80/288] Compiling InternalCollectionsUtilities _UnsafeBitSet+_Word.swift
[81/288] Compiling InternalCollectionsUtilities _UnsafeBitSet.swift
[81/373] Compiling yyjson.c
[82/373] Compiling transforms.cpp
[84/373] Emitting module Crypto
[85/452] Compiling ComplexModule Complex+StringConvertible.swift
[86/453] Compiling ComplexModule Polar.swift
[87/453] Compiling OrderedCollections OrderedDictionary+Values.swift
[88/453] Compiling OrderedCollections OrderedDictionary.swift
[89/453] Compiling OrderedCollections OrderedSet+Codable.swift
[90/453] Compiling OrderedCollections OrderedSet+CustomReflectable.swift
[91/453] Compiling OrderedCollections OrderedSet+Descriptions.swift
[92/453] Compiling OrderedCollections OrderedSet+Diffing.swift
[93/453] Compiling OrderedCollections OrderedSet+Equatable.swift
[94/453] Compiling OrderedCollections OrderedSet+ExpressibleByArrayLiteral.swift
[95/453] Compiling OrderedCollections OrderedSet+Partial SetAlgebra formSymmetricDifference.swift
[96/453] Compiling OrderedCollections OrderedSet+Partial SetAlgebra formUnion.swift
[97/453] Compiling OrderedCollections OrderedSet+Partial SetAlgebra intersection.swift
[98/453] Compiling OrderedCollections OrderedSet+Partial SetAlgebra isDisjoint.swift
[99/453] Compiling Crypto MACFunctions.swift
[100/453] Compiling Crypto MessageAuthenticationCode.swift
[101/453] Compiling Crypto AES.swift
[102/453] Compiling Crypto ECDSASignature_boring.swift
[103/453] Compiling Crypto ECDSA_boring.swift
[104/453] Compiling Crypto EdDSA_boring.swift
[105/453] Compiling Crypto MLDSA_boring.swift
[106/453] Compiling Crypto MLDSA_wrapper.swift
[107/453] Compiling Crypto ECDSA.swift
[108/453] Compiling Crypto Ed25519.swift
[109/453] Compiling Crypto MLDSA.swift
[110/453] Compiling Crypto Signature.swift
[111/453] Compiling ComplexModule Scale.swift
[112/453] Compiling OrderedCollections OrderedSet+Partial SetAlgebra isSuperset.swift
[113/453] Compiling OrderedCollections OrderedSet+Partial SetAlgebra subtract.swift
[114/453] Compiling OrderedCollections OrderedSet+Partial SetAlgebra subtracting.swift
[115/453] Compiling OrderedCollections OrderedSet+Partial SetAlgebra symmetricDifference.swift
[116/453] Compiling OrderedCollections OrderedSet+Partial SetAlgebra union.swift
[117/453] Compiling OrderedCollections OrderedSet+Partial SetAlgebra+Basics.swift
[118/453] Compiling OrderedCollections OrderedSet+RandomAccessCollection.swift
[119/453] Compiling OrderedCollections OrderedSet+ReserveCapacity.swift
[120/453] Compiling OrderedCollections OrderedDictionary+Hashable.swift
[121/453] Compiling OrderedCollections OrderedDictionary+Initializers.swift
[122/453] Compiling OrderedCollections OrderedDictionary+Invariants.swift
[123/453] Compiling OrderedCollections OrderedDictionary+Move.swift
[126/453] Compiling ComplexModule Complex+Numeric.swift
[127/453] Compiling Crypto Insecure_HashFunctions.swift
[128/453] Compiling Crypto MLKEM_boring.swift
[129/453] Compiling Crypto MLKEM_wrapper.swift
[130/453] Compiling Crypto XWing_boring.swift
[131/453] Compiling Crypto KEM-Errors.swift
[132/453] Compiling Crypto KEM.swift
[133/453] Compiling Crypto MLKEM.swift
[134/453] Compiling Crypto XWing.swift
[135/453] Compiling Crypto ECDH_boring.swift
[136/453] Compiling Crypto DH.swift
[137/453] Compiling Crypto ECDH.swift
[138/453] Compiling Crypto ANSIx963.swift
[139/453] Compiling OrderedCollections OrderedDictionary+Partial MutableCollection.swift
[140/453] Compiling OrderedCollections OrderedDictionary+Partial RangeReplaceableCollection.swift
[141/453] Compiling OrderedCollections OrderedDictionary+Sendable.swift
[142/453] Compiling OrderedCollections OrderedDictionary+Sequence.swift
[143/453] Compiling OrderedCollections OrderedSet+Hashable.swift
[144/453] Compiling OrderedCollections OrderedSet+Initializers.swift
[145/453] Compiling OrderedCollections OrderedSet+Insertions.swift
[146/453] Compiling OrderedCollections OrderedSet+Invariants.swift
[147/453] Compiling OrderedCollections OrderedSet+Move.swift
[148/453] Compiling OrderedCollections OrderedSet+Partial MutableCollection.swift
[149/453] Compiling OrderedCollections OrderedSet+Partial RangeReplaceableCollection.swift
[150/453] Compiling OrderedCollections OrderedSet+Partial SetAlgebra formIntersection.swift
[151/453] Compiling OrderedCollections _HashTable+Bucket.swift
[152/453] Compiling OrderedCollections _HashTable+BucketIterator.swift
[153/453] Compiling OrderedCollections _HashTable+Constants.swift
[154/453] Compiling OrderedCollections _HashTable+CustomStringConvertible.swift
[155/453] Compiling OrderedCollections _HashTable+Testing.swift
[156/453] Compiling OrderedCollections _HashTable+UnsafeHandle.swift
[157/453] Compiling OrderedCollections _HashTable.swift
[158/453] Compiling OrderedCollections _Hashtable+Header.swift
[159/453] Compiling Crypto NISTCurvesKeys.swift
[160/453] Compiling Crypto X25519Keys.swift
[161/453] Compiling Crypto SymmetricKeys.swift
[162/453] Compiling Crypto HMAC.swift
[163/453] Compiling OrderedCollections OrderedSet+Partial SetAlgebra isEqualSet.swift
[164/453] Compiling OrderedCollections OrderedSet+Partial SetAlgebra isStrictSubset.swift
[165/453] Compiling OrderedCollections OrderedSet+Partial SetAlgebra isStrictSuperset.swift
[166/453] Compiling OrderedCollections OrderedSet+Partial SetAlgebra isSubset.swift
[167/453] Compiling OrderedCollections OrderedDictionary+Codable.swift
[168/453] Compiling OrderedCollections OrderedDictionary+CustomReflectable.swift
[169/453] Compiling OrderedCollections OrderedDictionary+Deprecations.swift
[170/453] Compiling OrderedCollections OrderedDictionary+Descriptions.swift
[171/453] Compiling OrderedCollections OrderedDictionary+Elements.SubSequence.swift
[172/453] Compiling OrderedCollections OrderedDictionary+Elements.swift
[173/453] Compiling OrderedCollections OrderedDictionary+Equatable.swift
[174/453] Compiling OrderedCollections OrderedDictionary+ExpressibleByDictionaryLiteral.swift
[175/453] Compiling ComplexModule Complex.swift
[176/453] Emitting module ComplexModule
[180/453] Write Objects.LinkFileList
[182/455] Compiling Numerics Numerics.swift
[183/455] Emitting module Numerics
[200/462] Compiling Crypto CryptoKitErrors_boring.swift
[201/462] Compiling Crypto Optional+withUnsafeBytes_boring.swift
[202/462] Compiling Crypto RNG_boring.swift
[203/462] Compiling Crypto SafeCompare_boring.swift
[204/462] Compiling Crypto Zeroization_boring.swift
[205/462] Compiling Crypto _CryptoModuleAnchor.swift
[206/462] Compiling Crypto PrettyBytes.swift
[207/462] Compiling Crypto SafeCompare.swift
[208/462] Compiling Crypto SecureBytes.swift
[209/462] Compiling Crypto Zeroization.swift
[210/462] Compiling Crypto resource_bundle_accessor.swift
[227/462] Compiling WebTransportQUICCore QUICVarInt.swift
[228/462] Compiling WebTransportQUICCore QUICTransportParameters.swift
[229/462] Compiling WebTransportQUICCore QUICPacketNumber.swift
[229/462] Linking MLXHuggingFaceMacros-tool
[231/462] Emitting module WebTransportUDPApple
[232/462] Compiling WebTransportUDPApple QUICUDPPort.swift
[233/462] Compiling WebTransportQUICCore QUICPacket.swift
[234/462] Compiling WebTransportQUICCore QUICFrame.swift
[250/462] Compiling primitives.cpp
[260/462] Compiling WebTransportQUICCore QUICCoreState.swift
[261/462] Compiling WebTransportQUICCore QUICByteCursor.swift
[262/462] Emitting module WebTransportQUICCore
[263/462] Compiling OrderedCollections OrderedSet+Sendable.swift
[264/462] Compiling OrderedCollections OrderedSet+SubSequence.swift
[265/462] Compiling OrderedCollections OrderedSet+Testing.swift
[266/462] Compiling OrderedCollections OrderedSet+UnorderedView.swift
[267/462] Compiling OrderedCollections OrderedSet+UnstableInternals.swift
[268/462] Compiling OrderedCollections OrderedSet.swift
[269/462] Compiling OrderedCollections _UnsafeBitset.swift
[270/462] Compiling EventSource EventSource+AsyncHTTPClient.swift
[271/462] Compiling EventSource AsyncEventsSequence.swift
[272/462] Compiling EventSource AsyncSequence+Events.swift
[273/462] Emitting module EventSource
[274/462] Compiling EventSource EventSource.swift
[275/462] Emitting module OrderedCollections
[275/488] Compiling no_gguf.cpp
[277/491] Compiling WebTransportHTTP3Core WebTransportErrors.swift
[278/491] Compiling WebTransportHTTP3Core WebTransportExporter.swift
[279/493] Compiling WebTransportTLSCore TLSIdentityTrust.swift
[280/494] Emitting module WebTransportHTTP3Core
[281/494] Compiling WebTransportHTTP3Core HTTP3Frame.swift
[282/494] Compiling WebTransportHTTP3Core QPACK.swift
[283/494] Compiling WebTransportTLSCore TLSHandshakeMessage.swift
[284/494] Compiling WebTransportTLSCore TLSHandshakeFlight.swift
[285/494] Compiling WebTransportHTTP3Core HTTP3Connection.swift
[286/494] Compiling WebTransportHTTP3Core HTTP3Constants.swift
[287/494] Emitting module WebTransportTLSCore
[288/494] Compiling WebTransportTLSCore TLSExtension.swift
[289/494] Compiling WebTransportTLSCore TLSHandshakeBodies.swift
[290/494] Compiling WebTransportHTTP3Core WebTransportLibrarySmoke.swift
[291/494] Compiling WebTransportHTTP3Core WebTransportSecurityPolicy.swift
[292/494] Compiling WebTransportHTTP3Core WebTransportFlowControl.swift
[293/494] Compiling WebTransportHTTP3Core WebTransportHeaders.swift
[294/494] Compiling WebTransportCryptoApple QUICInitialKeyDerivation.swift
[295/494] Compiling WebTransportCryptoApple QUICPacketProtection.swift
[296/494] Emitting module WebTransportCryptoApple
[297/509] Compiling Jinja Interpreter.swift
[298/509] Compiling Jinja JSON.swift
[299/509] Compiling Jinja Lexer.swift
[300/509] Compiling WebTransportTLSCore TLSQUICConnectionState.swift
[300/559] Compiling graph_utils.cpp
[301/559] Compiling load.cpp
[302/559] Compiling linalg.cpp
[303/559] Compiling ops.cpp
[305/559] Compiling HuggingFace SpeechToText.swift
[306/559] Compiling HuggingFace TextToImage.swift
[307/559] Compiling HuggingFace Message.swift
[308/559] Compiling HuggingFace Provider.swift
[309/559] Compiling HuggingFace TextToVideo.swift
[310/559] Compiling HuggingFace HuggingFaceAuthenticationManager.swift
[311/559] Compiling HuggingFace Paper.swift
[312/559] Compiling HuggingFace Repo.swift
[312/559] Compiling fft.cpp
[313/559] Compiling safetensors.cpp
[315/564] Compiling WebTransportNetworkRuntime WebTransportServerPolicy.swift
[315/564] Compiling dtype_utils.cpp
[318/564] Compiling HuggingFace OAuthClient.swift
[319/564] Compiling HuggingFace Data+Extensions.swift
[320/564] Compiling HuggingFace JSONDecoder+Extensions.swift
[321/564] Compiling HuggingFace ChatCompletion.swift
[322/564] Compiling HuggingFace FeatureExtraction.swift
[323/564] Emitting module Jinja
[324/564] Compiling HuggingFace InferenceClient.swift
[325/565] Compiling dtype.cpp
[326/565] Compiling einsum.cpp
[327/565] Compiling fast.cpp
[328/565] Compiling utils.cpp
[330/565] Compiling Jinja Value.swift
[330/565] Compiling no_ring.cpp
[332/565] Compiling HuggingFace TokenStorage.swift
[333/565] Compiling HuggingFace CacheLocationProvider.swift
[337/565] Compiling no_nccl.cpp
[338/565] Compiling primitives.cpp
[339/565] Compiling ops.cpp
[340/565] Compiling no_mpi.cpp
[341/565] Compiling no_jaccl.cpp
[342/565] Compiling device.cpp
[344/565] Compiling HuggingFace HubClient+Repos.swift
[345/565] Compiling HuggingFace HubClient+Spaces.swift
[346/565] Compiling HuggingFace HubClient+User.swift
[347/565] Compiling HuggingFace HubClient.swift
[348/565] Compiling HuggingFace Model.swift
[349/565] Compiling HuggingFace OAuth.swift
[350/565] Compiling HuggingFace Organization.swift
[351/572] Compiling WebTransportNetworkRuntime WebTransportServerIdentity.swift
[352/572] Emitting module WebTransportNetworkRuntime
[353/572] Compiling WebTransportNetworkRuntime WebTransportNetworkTypes.swift
[354/572] Compiling WebTransportNetworkRuntime WebTransportInteroperableNetworkRuntime.swift
[354/572] Compiling distributed.cpp
[356/572] Compiling HuggingFace Pagination.swift
[359/572] Compiling HuggingFace ResourceGroup.swift
[360/572] Compiling HuggingFace Space.swift
[361/572] Compiling HuggingFace Tags.swift
[362/572] Compiling HuggingFace User.swift
[363/574] Compiling HuggingFace File.swift
[364/574] Compiling HuggingFace Git.swift
[365/574] Compiling HuggingFace HubCache.swift
[366/574] Compiling HuggingFace HubClient+Buckets.swift
[367/574] Compiling HuggingFace HubClient+Collections.swift
[368/574] Compiling HuggingFace HubClient+Datasets.swift
[369/574] Compiling HuggingFace HubClient+Discussions.swift
[370/574] Emitting module HuggingFace
[371/574] Compiling WebTransport WebTransport.swift
[372/574] Emitting module WebTransport
[372/574] Compiling utils.cpp
[381/574] Compiling HuggingFace URL+Extensions.swift
[382/574] Compiling HuggingFace URLSession+Linux.swift
[383/574] Compiling HuggingFace FileLock.swift
[384/574] Compiling HuggingFace HTTPClient.swift
[385/574] Compiling HuggingFace MultipartBuilder.swift
[386/574] Compiling HuggingFace TokenProvider.swift
[387/574] Compiling HuggingFace Value.swift
[387/574] Compiling unary.cpp
[388/574] Compiling ternary.cpp
[389/574] Compiling sort.cpp
[390/574] Compiling compile.cpp
[392/574] Compiling HuggingFace HubClient+Files.swift
[393/574] Compiling HuggingFace HubClient+Git.swift
[394/574] Compiling HuggingFace HubClient+Models.swift
[395/574] Compiling HuggingFace HubClient+OAuth.swift
[396/574] Compiling HuggingFace HubClient+Organizations.swift
[397/574] Compiling HuggingFace HubClient+Pagination.swift
[398/574] Compiling HuggingFace HubClient+Papers.swift
[399/574] Compiling HuggingFace AccessRequest.swift
[400/574] Compiling HuggingFace Billing.swift
[401/574] Compiling HuggingFace Bucket.swift
[402/574] Compiling HuggingFace Collection.swift
[403/574] Compiling HuggingFace CommaSeparatedList.swift
[404/574] Compiling HuggingFace Dataset.swift
[405/574] Compiling HuggingFace Discussion.swift
[405/574] Compiling softmax.cpp
[413/574] Compiling slicing.cpp
[414/581] Compiling scan.cpp
[415/581] Compiling resident.cpp
[416/581] Compiling scaled_dot_product_attention.cpp
[417/581] Compiling rope.cpp
[418/581] Compiling export.cpp
[419/581] Compiling reduce.cpp
[420/581] Compiling metal.cpp
[421/581] Compiling primitives.cpp
[422/581] Compiling normalization.cpp
[423/581] Compiling quantized.cpp
[424/581] Compiling logsumexp.cpp
[425/581] Compiling matmul.cpp
[426/581] Compiling fence.cpp
[427/581] Compiling jit_kernels.cpp
[428/581] Compiling hadamard.cpp
[429/581] Compiling indexing.cpp
[430/581] Compiling event.cpp
[431/581] Compiling eval.cpp
[433/581] Emitting module Hub
[434/581] Compiling Hub resource_bundle_accessor.swift
[434/581] Compiling device_info.cpp
[436/581] Compiling Hub BinaryDistinct.swift
[437/581] Compiling Hub Config.swift
[438/581] Compiling Hub YYJSONParser.swift
[438/581] Compiling distributed.cpp
[439/581] Compiling fft.cpp
[441/581] Compiling Hub Hub.swift
[442/581] Compiling Hub HubApi.swift
[442/581] Compiling copy.cpp
[443/593] Compiling device.cpp
[444/593] Compiling compiled.cpp
[445/593] Compiling conv.cpp
[446/593] Compiling allocator.cpp
[447/593] Compiling binary.cpp
[449/593] Compiling Tokenizers PreTokenizer.swift
[450/593] Compiling Tokenizers String+PreTokenization.swift
[451/593] Compiling Tokenizers Normalizer.swift
[452/593] Compiling Tokenizers PostProcessor.swift
[453/593] Compiling Tokenizers TokenLattice.swift
[454/593] Emitting module Tokenizers
[455/593] Compiling Tokenizers ByteEncoder.swift
[456/593] Compiling Tokenizers Decoder.swift
[457/593] Compiling Tokenizers Trie.swift
[458/593] Compiling Tokenizers Tokenizer.swift
[459/593] Compiling Tokenizers BPETokenizer.swift
[460/593] Compiling Tokenizers BertTokenizer.swift
[460/594] Compiling threefry.cpp
[461/594] Compiling slicing.cpp
[462/594] Compiling custom_kernel.cpp
[464/594] Compiling Tokenizers UnigramTokenizer.swift
[464/594] Compiling no_cuda.cpp
[465/594] Compiling primitives.cpp
[466/594] Compiling copy.cpp
[467/594] Compiling softmax.cpp
[468/594] Compiling select.cpp
[469/594] Compiling svd.cpp
[470/594] Compiling scan.cpp
[471/594] Compiling quantized.cpp
[472/594] Compiling sort.cpp
[473/594] Compiling unary.cpp
[474/594] Compiling primitives.cpp
[475/594] Compiling qrf.cpp
[476/594] Compiling reduce.cpp
[477/594] Compiling matmul.cpp
[478/594] Compiling jit_compiler.cpp
[479/594] Compiling masked_mm.cpp
[480/594] Compiling luf.cpp
[481/594] Compiling logsumexp.cpp
[482/594] Compiling hadamard.cpp
[483/594] Compiling cblas.cpp
[484/594] Compiling inverse.cpp
[485/594] Compiling encoder.cpp
[486/594] Compiling bnns.cpp
[487/594] Compiling eval.cpp
[488/594] Compiling device_info.cpp
[489/594] Compiling distributed.cpp
[490/594] Compiling fft.cpp
[491/594] Compiling eig.cpp
[492/594] Compiling eigh.cpp
[493/594] Compiling arg_reduce.cpp
[494/594] Compiling slicing.cpp
[495/594] Compiling utils.cpp
[496/594] Compiling cholesky.cpp
[497/594] Compiling conv.cpp
[498/594] Compiling indexing.cpp
[499/594] Compiling reduce.cpp
[500/594] Compiling utils.cpp
[501/594] Compiling unary_ops.cpp
[502/594] Compiling unary.cpp
[503/594] Compiling ternary_ops.cpp
[504/594] Compiling ternary.cpp
[505/594] Compiling steel_gemm_splitk_nax.cpp
[506/594] Compiling steel_gemm_splitk.cpp
[507/594] Compiling steel_gemm_segmented.cpp
[508/594] Compiling steel_gemm_masked.cpp
[509/594] Compiling steel_gemm_gather_nax.cpp
[510/594] Compiling steel_gemm_gather.cpp
[511/594] Compiling steel_gemm_fused_nax.cpp
[512/594] Compiling steel_gemm_fused.cpp
[513/594] Compiling steel_conv_general.cpp
[514/594] Compiling steel_conv_3d.cpp
[515/594] Compiling steel_conv.cpp
[516/594] Compiling steel_attention_nax.cpp
[517/594] Compiling steel_attention.cpp
[518/594] Compiling sort.cpp
[519/594] Compiling broadcasting.cpp
[520/594] Compiling softmax.cpp
[521/594] Compiling scatter_axis.cpp
[522/594] Compiling scatter.cpp
[523/594] Compiling scan.cpp
[524/594] Compiling reduce_utils.cpp
[525/594] Compiling reduce.cpp
[526/594] Compiling quantized_utils.cpp
[527/594] Compiling quantized_nax.cpp
[528/594] Compiling quantized.cpp
[529/594] Compiling masked_scatter.cpp
[530/594] Compiling logsumexp.cpp
[531/594] Compiling load.cpp
[532/594] Compiling hadamard.cpp
[533/594] Compiling gemv_masked.cpp
[534/594] Compiling compiled.cpp
[535/594] Compiling gemm_nax.cpp
[536/594] Compiling gemm.cpp
[537/594] Compiling gather_front.cpp
[538/594] Compiling gather_axis.cpp
[539/594] Compiling gather.cpp
[540/594] Compiling fp_quantized_nax.cpp
[541/594] Compiling fp_quantized.cpp
[542/594] Compiling fft.cpp
[543/594] Compiling conv.cpp
[544/594] Compiling copy.cpp
[545/594] Compiling compiled_preamble.cpp
[546/594] Compiling binary_two.cpp
[547/594] Compiling binary.cpp
[547/594] Compiling arange.cpp
[549/594] Compiling binary_ops.cpp
[550/594] Compiling common.cpp
[551/594] Compiling array.cpp
[552/594] Compiling version.cpp
[553/594] Compiling transforms_impl.cpp
[554/594] Compiling transforms.cpp
[555/594] Compiling vector.cpp
[556/594] Compiling copy.cpp
[557/594] Compiling string.cpp
[558/594] Compiling compiled_conditional.cpp
[559/594] Compiling stream.cpp
[560/594] Compiling memory.cpp
[561/594] Compiling random.cpp
[562/594] Compiling metal.cpp
[563/594] Compiling ops.cpp
[564/594] Compiling map.cpp
[565/594] Compiling linalg.cpp
[566/594] Compiling io_types.cpp
[567/594] Compiling error.cpp
[568/594] Compiling io.cpp
[569/594] Compiling fft.cpp
[570/594] Compiling fast.cpp
[571/594] Compiling export.cpp
[572/594] Compiling cuda.cpp
[572/594] Copying AppIcon-1024.png
[572/594] Write sources
[576/594] Compiling device.cpp
[577/594] Compiling Cmlx.m
[578/594] Compiling compile.cpp
[579/594] Compiling format.cc
[580/594] Compiling closure.cpp
[581/594] Compiling array.cpp
[582/594] Compiling binary.cpp
[584/630] Compiling MLX ArrayAt.swift
[585/630] Compiling MLX Cmlx+Util.swift
[586/630] Compiling MLX DType.swift
[587/630] Compiling MLX Device.swift
[588/630] Compiling MLX ErrorHandler.swift
[589/635] Compiling MLX MLXCustomFunction.swift
[590/635] Compiling MLX MLXFast.swift
[591/635] Compiling MLX MLXFastKernel.swift
[592/635] Compiling MLX Memory.swift
[593/635] Compiling MLX Nested.swift
[594/635] Compiling MLX State.swift
[595/635] Compiling MLX Stream.swift
[596/635] Compiling MLX Transforms+Compile.swift
[597/635] Compiling MLX Transforms+CompileOverloads.swift
[598/635] Compiling MLX Transforms+Eval.swift
[599/635] Compiling MLX Export.swift
[600/635] Compiling MLX FFT.swift
[601/635] Compiling MLX Factory.swift
[602/635] Compiling MLX Foundation+Util.swift
[603/635] Compiling MLX GPU+Metal.swift
[604/635] Emitting module MLX
[605/635] Compiling MLX MLXArray+Metal.swift
[606/635] Compiling MLX MLXArray+Normalizer.swift
[607/635] Compiling MLX MLXArray+Ops.swift
[608/635] Compiling MLX MLXArray+maskFill.swift
[609/635] Compiling MLX MLXArray.swift
[610/635] Compiling MLX Transforms+Grad.swift
[611/635] Compiling MLX Transforms+Internal.swift
[612/635] Compiling MLX Transforms+Vmap.swift
[613/635] Compiling MLX Transforms.swift
[614/635] Compiling MLX WiredMemory.swift
[615/635] Compiling MLX IO.swift
[616/635] Compiling MLX Linalg.swift
[617/635] Compiling MLX MLXArray+Bytes.swift
[618/635] Compiling MLX MLXArray+Indexing.swift
[619/635] Compiling MLX MLXArray+Init.swift
[620/635] Compiling MLX Ops+Array.swift
[621/635] Compiling MLX Ops.swift
[622/635] Compiling MLX ParameterTypes.swift
[623/635] Compiling MLX Protocols.swift
[624/635] Compiling MLX Random.swift
[625/652] Compiling MLXNN Embedding.swift
[626/652] Compiling MLXNN Linear.swift
[627/652] Compiling MLXNN Recurrent.swift
[628/652] Compiling MLXNN Transformer.swift
[629/652] Compiling MLXNN PositionalEncoding.swift
[630/652] Compiling MLXNN Quantized.swift
[631/652] Compiling MLXNN Normalization.swift
[632/652] Compiling MLXNN Pooling.swift
[633/654] Compiling MLXNN Activations.swift
[634/654] Compiling MLXNN Cache.swift
[635/654] Compiling MLXNN Containers.swift
[636/654] Compiling MLXNN Convolution.swift
[637/654] Compiling MLXNN ConvolutionTransposed.swift
[638/654] Compiling MLXNN Dropout.swift
[639/654] Compiling MLXNN Losses.swift
[640/654] Compiling MLXNN Module.swift
[641/654] Emitting module MLXNN
[642/654] Compiling MLXNN Upsample.swift
[643/654] Compiling MLXNN ValueAndGrad.swift
[644/657] Compiling MLXOptimizers Schedulers.swift
[645/657] Compiling MLXOptimizers Optimizers.swift
[646/657] Emitting module MLXOptimizers
[647/717] Compiling MLXLMCommon SwitchLayers.swift
[648/717] Compiling MLXLMCommon Tokenizer.swift
[649/717] Compiling MLXLMCommon TokenizerLoader.swift
[650/717] Compiling MLXLMCommon GLM4ToolCallParser.swift
[651/717] Compiling MLXLMCommon GemmaFunctionParser.swift
[652/717] Compiling MLXLMCommon JSONToolCallParser.swift
[653/717] Compiling MLXLMCommon KimiK2ToolCallParser.swift
[654/717] Compiling MLXLMCommon Llama3ToolCallParser.swift
[655/725] Compiling MLXLMCommon MiniMaxM2ToolCallParser.swift
[656/725] Compiling MLXLMCommon MistralToolCallParser.swift
[657/725] Compiling MLXLMCommon ParserUtilities.swift
[658/725] Compiling MLXLMCommon PythonicToolCallParser.swift
[659/725] Compiling MLXLMCommon XMLFunctionParser.swift
[660/725] Compiling MLXLMCommon Tool.swift
[661/725] Compiling MLXLMCommon ToolCall.swift
[662/725] Compiling MLXLMCommon ToolCallFormat.swift
[663/725] Compiling MLXLMCommon RotateQuantizedLinear.swift
[664/725] Compiling MLXLMCommon AbstractModelRegistry.swift
[665/725] Compiling MLXLMCommon ModelTypeRegistry.swift
[666/725] Compiling MLXLMCommon ProcessorTypeRegistry.swift
[667/725] Compiling MLXLMCommon RoPEApplication.swift
[668/725] Compiling MLXLMCommon RoPEUtils.swift
[669/725] Compiling MLXLMCommon SpeculativeDecoding.swift
[670/725] Compiling MLXLMCommon SuScaledRoPE.swift
[671/725] Compiling MLXLMCommon ModelConfiguration.swift
[672/725] Compiling MLXLMCommon ModelContainer.swift
[673/725] Compiling MLXLMCommon ModelConversion.swift
[674/725] Compiling MLXLMCommon ModelFactory.swift
[675/725] Compiling MLXLMCommon Gemma.swift
[676/725] Compiling MLXLMCommon Gemma4.swift
[677/725] Compiling MLXLMCommon Module+Extensions.swift
[678/725] Compiling MLXLMCommon ParoQuantLoader.swift
[679/725] Compiling MLXLMCommon BaseConfiguration.swift
[680/725] Compiling MLXLMCommon BidirectionalMasks.swift
[681/725] Compiling MLXLMCommon Chat.swift
[682/725] Compiling MLXLMCommon ChatSession.swift
[683/725] Compiling MLXLMCommon Downloader.swift
[684/725] Compiling MLXLMCommon Evaluate.swift
[685/725] Compiling MLXLMCommon Encodable+toolResult.swift
[686/725] Compiling MLXLMCommon JSONDecoder+JSON5.swift
[687/725] Compiling MLXLMCommon GatedDelta.swift
[688/725] Emitting module MLXLMCommon
[689/725] Compiling MLXLMCommon GenerationConfigFile.swift
[690/725] Compiling MLXLMCommon InterpolationUtils.swift
[691/725] Compiling MLXLMCommon JSONDecodingTypes.swift
[692/725] Compiling MLXLMCommon KVCache.swift
[693/725] Compiling MLXLMCommon LanguageModel.swift
[694/725] Compiling MLXLMCommon Load.swift
[695/725] Compiling MLXLMCommon MTPDrafterModel.swift
[696/725] Compiling MLXLMCommon MTPDrafterModelFactory.swift
[697/725] Compiling MLXLMCommon MTPSpeculativeTokenIterator.swift
[698/725] Compiling MLXLMCommon DoRA+Layers.swift
[699/725] Compiling MLXLMCommon LoRA+Layers.swift
[700/725] Compiling MLXLMCommon LoRAContainer.swift
[701/725] Compiling MLXLMCommon LoRAModel.swift
[702/725] Compiling MLXLMCommon PEFTAdapter.swift
[703/725] Compiling MLXLMCommon ModelAdapter.swift
[704/725] Compiling MLXLMCommon ModelAdapterFactory.swift
[705/725] Compiling MLXLMCommon ModelAdapterTypeRegistry.swift
[706/725] Compiling MLXLMCommon AttentionUtils.swift
[707/725] Compiling MLXLMCommon ToolCallProcessor.swift
[708/725] Compiling MLXLMCommon ToolParameter.swift
[709/725] Compiling MLXLMCommon Value.swift
[710/725] Compiling MLXLMCommon UserInput+Audio.swift
[711/725] Compiling MLXLMCommon UserInput.swift
[712/725] Compiling MLXLMCommon SerialAccessContainer.swift
[713/725] Compiling MLXLMCommon WiredMemoryPolicies.swift
[714/725] Compiling MLXLMCommon WiredMemoryUtils.swift
[715/800] Emitting module MLXHuggingFace
[716/800] Compiling MLXHuggingFace Macros.swift
[717/800] Emitting module MLXVLM
[718/802] Emitting module MLXLLM
[719/809] Compiling MLXVLM VLMModel.swift
[720/809] Compiling MLXVLM VLMModelFactory.swift
[721/809] Compiling MLXLLM LLMModel.swift
[722/809] Compiling MLXLLM LLMModelFactory.swift
[723/809] Compiling MLXLLM Lora+Data.swift
[724/809] Compiling MLXLLM LoraTrain.swift
[725/809] Compiling MLXLLM ModelConversion.swift
[726/809] Compiling MLXLLM OlmoE.swift
[727/809] Compiling MLXLLM OpenELM.swift
[728/809] Compiling MLXLLM Phi.swift
[729/809] Compiling MLXLLM Phi3.swift
[730/809] Compiling MLXLLM PhiMoE.swift
[731/809] Compiling MLXLLM Qwen2.swift
[732/809] Compiling MLXLLM Qwen3.swift
[738/809] Compiling MLXLLM AfMoE.swift
[739/809] Compiling MLXLLM Apertus.swift
[740/809] Compiling MLXLLM BaichuanM1.swift
[741/809] Compiling MLXLLM Lille130m.swift
[742/809] Compiling MLXLLM Llama.swift
[743/809] Compiling MLXLLM Mamba2.swift
[744/809] Compiling MLXLLM MiMo.swift
[745/809] Compiling MLXLLM MiMoV2Flash.swift
[746/809] Compiling MLXLLM MiniCPM.swift
[747/809] Compiling MLXLLM MiniMax.swift
[748/809] Compiling MLXLLM BailingMoe.swift
[749/809] Compiling MLXLLM Bitnet.swift
[750/809] Compiling MLXLLM Cohere.swift
[754/809] Compiling MLXLLM DeepseekV3.swift
[755/809] Compiling MLXLLM Ernie4_5.swift
[756/809] Compiling MLXLLM Exaone4.swift
[757/809] Compiling MLXLLM FalconH1.swift
[758/809] Compiling MLXLLM GLM4.swift
[759/809] Compiling MLXLLM Mistral3Text.swift
[760/809] Compiling MLXLLM Mixtral.swift
[761/809] Compiling MLXLLM NanoChat.swift
[762/809] Compiling MLXLLM NemotronH.swift
[763/809] Compiling MLXLLM NemotronLabsDiffusion.swift
[764/809] Compiling MLXLLM Olmo2.swift
[765/809] Compiling MLXLLM Olmo3.swift
[766/809] Compiling MLXLLM GLM4MOE.swift
[767/809] Compiling MLXLLM GLM4MOELite.swift
[768/809] Compiling MLXLLM GPTOSS.swift
[771/809] Compiling MLXLLM Gemma3Text.swift
[772/809] Compiling MLXLLM Gemma3nText.swift
[773/809] Compiling MLXLLM Gemma4.swift
[774/809] Compiling MLXLLM Gemma4Text.swift
[775/809] Compiling MLXLLM Granite.swift
[776/809] Compiling MLXLLM GraniteMoeHybrid.swift
[777/809] Compiling MLXLLM Internlm2.swift
[778/809] Compiling MLXLLM Jamba.swift
[779/809] Compiling MLXLLM LFM2.swift
[780/809] Compiling MLXLLM LFM2MoE.swift
[792/809] Compiling MLXLLM Qwen35.swift
[793/809] Compiling MLXLLM Qwen35MoE.swift
[794/809] Compiling MLXLLM Qwen3MoE.swift
[795/809] Compiling MLXLLM Qwen3Next.swift
[796/809] Compiling MLXLLM SSM.swift
[797/809] Compiling MLXLLM SmolLM3.swift
[798/809] Compiling MLXLLM Starcoder2.swift
[799/851] Compiling ChatBotsCore ThreadGrouping.swift
[800/851] Compiling ChatBotsCore TranscriptWriter.swift
[801/851] Compiling ChatBotsCore TransportCheck.swift
[802/851] Compiling ChatBotsCore TurnLoop.swift
[803/851] Compiling ChatBotsCore UTF8Text.swift
[804/856] Compiling ChatBotsCore SharedConversationPage.swift
[805/856] Compiling ChatBotsCore SocialLibrary.swift
[806/856] Compiling ChatBotsCore SocialPersonas.swift
[807/856] Compiling ChatBotsCore StreamPacer.swift
[808/856] Compiling ChatBotsCore TavilyClient.swift
[809/856] Compiling ChatBotsCore ThinkingStripper.swift
[810/856] Compiling ChatBotsCore ModeratorIdentity.swift
[811/856] Compiling ChatBotsCore NameLists.swift
[812/856] Compiling ChatBotsCore OpenAIResponsesClient.swift
[813/856] Compiling ChatBotsCore OpenAIResponsesEngine.swift
[814/856] Compiling ChatBotsCore PersonaLibrary.swift
[815/856] Compiling ChatBotsCore PromptBuilder.swift
[816/856] Compiling ChatBotsCore ResearchDirector.swift
[817/856] Compiling ChatBotsCore ResearchReport.swift
[818/856] Compiling ChatBotsCore ResearchSession.swift
[819/856] Compiling ChatBotsCore Roster.swift
[820/856] Compiling ChatBotsCore RunDirectory.swift
[821/856] Compiling ChatBotsCore SampleConversation.swift
[822/856] Compiling ChatBotsCore UserSettings.swift
[823/856] Compiling ChatBotsCore WebAssets.swift
[824/856] Compiling ChatBotsCore WebTools.swift
[825/856] Compiling ChatBotsCore WebTransportClient.swift
[826/856] Compiling ChatBotsCore WebTransportServer.swift
[827/856] Compiling ChatBotsCore ConflictReader.swift
[828/856] Compiling ChatBotsCore ConflictState.swift
[829/856] Compiling ChatBotsCore ConversationEngine.swift
[830/856] Compiling ChatBotsCore ConversationStore.swift
[831/856] Compiling ChatBotsCore DeviceProfiles.swift
[832/856] Compiling ChatBotsCore DiscussionMode.swift
[833/856] Compiling ChatBotsCore APIServer.swift
[834/856] Compiling ChatBotsCore AnalystRoles.swift
[835/856] Compiling ChatBotsCore Attachments.swift
[836/856] Compiling ChatBotsCore AudienceVote.swift
[837/856] Compiling ChatBotsCore CertificateStore.swift
[838/856] Compiling ChatBotsCore ChatModels.swift
[839/856] Compiling ChatBotsCore DocumentImport.swift
[840/856] Compiling ChatBotsCore EngineProtocol.swift
[841/856] Compiling ChatBotsCore EngineService.swift
[842/856] Compiling ChatBotsCore HTTPServer.swift
[843/856] Compiling ChatBotsCore MLXEngine.swift
[844/856] Compiling ChatBotsCore ModelStore.swift
[845/856] Emitting module ChatBotsCore
[846/973] Emitting module ChatBotsProbe
[847/973] Compiling ChatBotsProbe main.swift
[847/973] Write Objects.LinkFileList
[849/973] Emitting module ChatBots
[850/975] Compiling ChatBots ZoomStore.swift
[851/975] Compiling ChatBots resource_bundle_accessor.swift
[852/975] Compiling ChatBotsCoreTests AuditInferenceTests.swift
[853/975] Compiling ChatBotsCoreTests AuditInferenceTestsCompact.swift
[854/975] Compiling ChatBotsCoreTests AuditInferenceTestsReasoning.swift
[855/975] Compiling ChatBotsCoreTests AuditModelStoreTests.swift
[856/975] Compiling ChatBotsCoreTests AuditReplyMatchingTests.swift
[857/975] Compiling ChatBotsCoreTests AuditResearchAffinityTests.swift
[858/975] Compiling ChatBotsCoreTests AuditEngineStateTestsStore.swift
[859/975] Compiling ChatBotsCoreTests AuditFinalDirectedAssignmentTests.swift
[860/975] Compiling ChatBotsCoreTests AuditFinalSnapshotRevisionTests.swift
[861/975] Compiling ChatBotsCoreTests AuditDocumentConversionTests.swift
[862/975] Compiling ChatBotsCoreTests AuditEngineSetterShadowingTests.swift
[863/975] Compiling ChatBotsCoreTests AuditEngineStateTests.swift
[864/975] Compiling ChatBotsCoreTests AuditEngineStateTestsContextWindow.swift
[865/975] Compiling ChatBotsCoreTests AuditEngineStateTestsEventStream.swift
[866/975] Compiling ChatBotsCoreTests AuditEngineStateTestsResearch.swift
[867/975] Compiling ChatBotsCoreTests AuditFinalTransportCheckTests.swift
[868/975] Compiling ChatBotsCoreTests AuditFinalTurnLoopTests.swift
[869/975] Compiling ChatBotsCoreTests AuditHTTPLimitTests.swift
[870/975] Compiling ChatBotsCoreTests AuditClientsStreamTests.swift
[871/975] Compiling ChatBotsCoreTests AuditClientsSupport.swift
[872/975] Compiling ChatBotsCoreTests AuditClientsToolDispatchTests.swift
[872/975] Write Objects.LinkFileList
[873/975] Linking chatbots-probe
[874/975] Applying chatbots-probe
[875/975] Linking ChatBots
[877/975] Compiling ChatBotsCLI main.swift
[878/975] Emitting module ChatBotsCLI
[878/975] Applying ChatBots
[879/975] Write Objects.LinkFileList
[881/975] Emitting module ChatBotsCoreTests
[882/987] Compiling ChatBotsCoreTests AuditResearchPromptTrustTests.swift
[883/987] Compiling ChatBotsCoreTests AuditResearchReportLabelTests.swift
[884/987] Compiling ChatBotsCoreTests AuditResearchSearchBudgetTests.swift
[885/987] Compiling ChatBotsCoreTests AuditS1CORSTests.swift
[886/987] Compiling ChatBotsCoreTests AuditS1ResearchCoverageTests.swift
[887/987] Compiling ChatBotsCoreTests AuditS1SecurityHeaderTests.swift
[888/987] Compiling ChatBotsCoreTests AuditS1TurnLifecycleTests.swift
[889/987] Compiling ChatBotsCoreTests AuditShareLinkTests.swift
[890/987] Compiling ChatBotsCoreTests AuditTransportCheckTimeoutTests.swift
[891/987] Compiling ChatBotsCoreTests AuditTransportLifecycleTests.swift
[892/987] Compiling ChatBotsCoreTests AuditTransportServerTests.swift
[893/987] Compiling ChatBotsCoreTests AuditWave2EventDuplicationTests.swift
[894/987] Compiling ChatBotsCoreTests AuditWave2GenerationCapTests.swift
[918/987] Compiling ChatBotsCoreTests AuditResearchDeterminismTests.swift
[919/987] Compiling ChatBotsCoreTests AuditResearchModeratorBriefTests.swift
[920/987] Compiling ChatBotsCoreTests AuditResearchPositionChangeTests.swift
[920/987] Linking chatbots-cli
[922/987] Compiling ChatBotsCoreTests AuditWave2IdleTimeoutTests.swift
[923/987] Compiling ChatBotsCoreTests AuditWave2PromptTrustBoundaryTests.swift
[924/987] Compiling ChatBotsCoreTests AuditWave2RoundAdvanceTests.swift
[925/987] Compiling ChatBotsCoreTests AuditWave2SynthesisBoundaryTests.swift
[926/987] Compiling ChatBotsCoreTests BuiltInKeyTests.swift
[927/987] Compiling ChatBotsCoreTests CertificateStoreTests.swift
[928/987] Compiling ChatBotsCoreTests CompactionTests.swift
[929/987] Compiling ChatBotsCoreTests ConflictTests.swift
[930/987] Compiling ChatBotsCoreTests ConversationEngineTests.swift
[931/987] Compiling ChatBotsCoreTests ConversationStoreTests.swift
[932/987] Compiling ChatBotsCoreTests DeviceProfileTests.swift
[933/987] Compiling ChatBotsCoreTests EmbeddedWebAssetTests.swift
[934/987] Compiling ChatBotsCoreTests EngineServiceTests.swift
[934/987] Applying chatbots-cli
[936/987] Compiling ChatBotsCoreTests FourSeatTests.swift
[937/987] Compiling ChatBotsCoreTests HTTPServerTests.swift
[938/987] Compiling ChatBotsCoreTests HTTPTests.swift
[939/987] Compiling ChatBotsCoreTests ImageUploadTests.swift
[940/987] Compiling ChatBotsCoreTests LineupTests.swift
[941/987] Compiling ChatBotsCoreTests ModePersonaTests.swift
[942/987] Compiling ChatBotsCoreTests ModelNameTests.swift
[943/987] Compiling ChatBotsCoreTests ModelStoreTests.swift
[944/987] Compiling ChatBotsCoreTests ModeratorIdentityTests.swift
[945/987] Compiling ChatBotsCoreTests NameTests.swift
[946/987] Compiling ChatBotsCoreTests OpenAIResponsesTests.swift
[947/987] Compiling ChatBotsCoreTests PersonaTests.swift
[948/987] Compiling ChatBotsCoreTests PromptShapeTests.swift
[949/987] Compiling ChatBotsCoreTests TavilyKeyTests.swift
[950/987] Compiling ChatBotsCoreTests TestPorts.swift
[951/987] Compiling ChatBotsCoreTests ThinkingModeTests.swift
[952/987] Compiling ChatBotsCoreTests ThinkingStripperTests.swift
[953/987] Compiling ChatBotsCoreTests ThreadGroupingTests.swift
[954/987] Compiling ChatBotsCoreTests TranscriptWriterTests.swift
[955/987] Compiling ChatBotsCoreTests TransportGate.swift
[956/987] Compiling ChatBotsCoreTests UTF8Tests.swift
[957/987] Compiling ChatBotsCoreTests UserSettingsTests.swift
[958/987] Compiling ChatBotsCoreTests VisionCapabilityTests.swift
[959/987] Compiling ChatBotsCoreTests WebTransportSessionTests.swift
[960/987] Compiling ChatBotsCoreTests ZoomStepTests.swift
[961/987] Compiling ChatBotsCoreTests AttachmentTests.swift
[962/987] Compiling ChatBotsCoreTests AttachmentUploadTests.swift
[963/987] Compiling ChatBotsCoreTests AudienceVoteTests.swift
[964/987] Compiling ChatBotsCoreTests AuditApp2AttachmentSummaryTests.swift
[965/987] Compiling ChatBotsCoreTests AuditApp2StreamPacerSeedingTests.swift
[966/987] Compiling ChatBotsCoreTests AuditAttachmentMediaTests.swift
[967/987] Compiling ChatBotsCoreTests AuditCLIClientKeyTests.swift
[968/987] Compiling ChatBotsCoreTests AuditCLIStreamTerminationTests.swift
[969/987] Compiling ChatBotsCoreTests AuditClientsDocumentTests.swift
[970/987] Compiling ChatBotsCoreTests AuditClientsImageTests.swift
[971/987] Compiling ChatBotsCoreTests AuditClientsKeyTests.swift
[972/987] Compiling ChatBotsCoreTests AuditClientsProbeTests.swift
[973/987] Compiling ChatBotsCoreTests AuditClientsSearchTests.swift
[974/987] Compiling ChatBotsCoreTests ProtocolTests.swift
[975/987] Compiling ChatBotsCoreTests RealExtractorTests.swift
[976/987] Compiling ChatBotsCoreTests RenameTests.swift
[977/987] Compiling ChatBotsCoreTests ResearchDirectorTests.swift
[978/987] Compiling ChatBotsCoreTests ResearchEngineTests.swift
[979/987] Compiling ChatBotsCoreTests ResearchTests.swift
[980/987] Compiling ChatBotsCoreTests ResponsesRequestTests.swift
[981/987] Compiling ChatBotsCoreTests RosterTests.swift
[982/987] Compiling ChatBotsCoreTests RunDirectoryTests.swift
[983/987] Compiling ChatBotsCoreTests SavedConversationHTTPTests.swift
[984/987] Compiling ChatBotsCoreTests SharedConversationTests.swift
[985/987] Compiling ChatBotsCoreTests StreamPacerTests.swift
[986/989] Compiling ChatBotsPackageTests runner.swift
[987/989] Emitting module ChatBotsPackageTests
[987/989] Write Objects.LinkFileList
[988/989] Linking ChatBotsPackageTests
Build complete! (151.40s)
Test Suite 'All tests' started at 2026-09-13 22:30:25.465.
Test Suite 'All tests' passed at 2026-09-13 22:30:25.468.
	 Executed 0 tests, with 0 failures (0 unexpected) in 0.000 (0.003) seconds
◇ Test run started.
↳ Testing Library Version: 1902
↳ Target Platform: arm64e-apple-macos14.0
◇ Suite "Saved conversations" started.
◇ Suite "Sharing over HTTP" started.
◇ Suite "HTTP parsing" started.
◇ Suite "A restarted conversation keeps its new loop" started.
◇ Suite "Compaction budget (A42)" started.
◇ Suite "Renaming a seat" started.
◇ Suite "Characters differ by temperament" started.
◇ Suite "A directed investigation, driven through the engine" started.
◇ Suite "Reasoning ceiling (A43)" started.
◇ Suite "BMP and TIFF are converted, not sent as undocumented types (audit A101)" started.
◇ Suite "Mode changes the instructions, not just the persona" started.
◇ Suite "Source material in the prompt" started.
◇ Suite "Unlabelled claims are counted against the report (A72)" started.
◇ Suite "Engine events are published once (A92)" started.
◇ Suite "A research session end to end" started.
◇ Suite "The HTTP surface grants no cross-origin access" started.
◇ Suite "Persona in the prompt" started.
◇ Suite "Text size steps" started.
◇ Suite "The human moderator's identity" started.
◇ Suite "Kept conversations over HTTP" started.
◇ Suite "Setters awaited on the concrete engine type" started.
◇ Suite "A truncated stream is not a finished turn (audit A54)" started.
◇ Suite "A staged upload leaves nothing behind" started.
◇ Suite "The topic and source material are user-role data (A103)" started.
◇ Suite "SystemProcess deadline and pipes (A36)" started.
◇ Suite "User settings" started.
◇ Suite "An unloaded seat still behaves (A02)" started.
◇ Suite "A ceiling-abandoned round ends the turn (A91)" started.
◇ Suite "A shared conversation page" started.
◇ Suite "Pacer seeding from the learned rate" started.
◇ Suite "Tavily key resolution" started.
◇ Suite "Analysts differ by method, not by temperament" started.
◇ Suite "Protocol messages" started.
◇ Suite "Snapshot ordering uses a monotonic revision (A110)" started.
◇ Suite "Research budget" started.
◇ Suite "Grouping a thread" started.
◇ Suite "Real extractors" started.
◇ Suite "The synthesis instruction" started.
◇ Suite "Engine transport" started.
◇ Suite "ThinkingStripper" started.
◇ Suite "A directed assignment is carried structurally (A105)" started.
◇ Suite "A subject is named by a word, not by a fragment of one" started.
◇ Suite "The generation cap agrees with the engine (A90)" started.
◇ Suite "ThinkingMode" started.
◇ Suite "The research report" started.
◇ Suite "Peer text stays out of the system role (A69)" started.
◇ Suite "Adding documents" started.
◇ Suite "The moderator's brief uses the room's own mode (A70)" started.
◇ Suite "The readiness probe runs when it is needed (audit A57)" started.
◇ Suite "Image attachments" started.
◇ Suite "Attachment summary from the engine" started.
◇ Suite "A share link is built from a host that may be reflected (A99)" started.
◇ Suite "A silent stream is not killed by the request timeout (A100)" started.
◇ Suite "ModelStore" started.
◇ Suite "The transport check's report (A02)" started.
◇ Suite "A room that keeps revising its position has not converged (A71)" started.
◇ Suite "The transport check obeys its timeout (A122)" started.
◇ Suite "Stopping the engine stops its sessions" started.
◇ Suite "Responses API requests" started.
◇ Suite "What the interface branches on" started.
◇ Suite "Engine certificate" started.
◇ Suite "Reading an investigation from its transcript" started.
◇ Suite "The assignment marker survives storage (A105)" started.
◇ Suite "HTTP server reaping" started.
◇ Suite "UTF-8 text handling" started.
◇ Suite "Four seats" started.
◇ Suite "Stream pacing" started.
◇ Suite "The empty-result retry follows the blank filter (audit A56)" started.
◇ Suite "A conversion does not block the engine" started.
◇ Suite "The moderator deciding what the investigation needs" started.
◇ Suite "A sharded checkpoint is complete only with its shards" started.
◇ Suite "Model names" started.
◇ Suite "The turn loop runs on a stubbed model (A02)" started.
◇ Suite "Switching the room's mode" started.
◇ Suite "A typed key is normalised like every other key (audit A106)" started.
◇ Suite "A turn's end is observable in the engine's live view" started.
◇ Suite "Run directory" started.
◇ Suite "Voting on a conversation" started.
◇ Suite "Vision capability" started.
◇ Suite "HTTP responses" started.
◇ Suite "A key read from a CRLF file is usable (audit A55)" started.
◇ Suite "File kinds" started.
◇ Suite "A report's claims can be traced to an analyst" started.
◇ Suite "Replies are matched to requests" started.
◇ Suite "The response boundary carries a policy" started.
◇ Suite "Images in the API request" started.
◇ Suite "OpenAI Responses request" started.
◇ Suite "A PDF's text ceiling means what it says (audit A58)" started.
◇ Suite "Compaction follows the engine's context window" started.
◇ Suite "An image intake can convert" started.
◇ Suite "Vision support" started.
◇ Suite "Turn-loop rules without a model (A02)" started.
◇ Suite "Device profiles" started.
◇ Suite "Entertainment cast" started.
◇ Suite "Length-prefixed framing" started.
◇ Suite "Coverage requires the room's engagement (A95)" started.
◇ Suite "The audience's scorecard" started.
◇ Suite "Where an upload may be written" started.
◇ Suite "When a research session stops" started.
◇ Suite "Assigning names at startup" started.
◇ Suite "Coverage requires a basis" started.
◇ Suite "A turn runs only the tools its caller offered (audit A104)" started.
◇ Suite "A reported failure ends the read (audit A107)" started.
◇ Suite "Engine service" started.
◇ Suite "A save preserves what it cannot read" started.
◇ Suite "Conflict state" started.
◇ Suite "Roster size" started.
◇ Suite "The MLX gate serialises access (A02)" started.
◇ Suite "RepetitionDetector" started.
◇ Suite "A failed connect leaves no session behind" started.
◇ Suite "Fabricated tool syntax" started.
◇ Suite "The search budget counts real tool calls (A73)" started.
◇ Suite "Built-in keys" started.
◇ Suite "Reading a turn" started.
◇ Test "Turn limit pauses the loop instead of running forever" started.
◇ Suite "A finished research conversation is not reported twice" started.
◇ Suite "Name lists" started.
◇ Suite "Scenarios" started.
◇ Suite "An unobserved event stream is bounded" started.
◇ Suite "A revision is read as a position change (A71)" started.
◇ Suite "The synthesis prompt draws a boundary (A68)" started.
◇ Suite "A basis marker is a whole word (A97)" started.
◇ Suite "Web assets" started.
◇ Suite "Transcript export" started.
◇ Suite "HTTP connections have limits" started.
◇ Suite "PersonaLibrary" started.
◇ Suite "Compaction" started.
◇ Suite "Social state in the prompt" started.
◇ Suite "Newline framing" started.
◇ Suite "Prompt shape" started.
◇ Test "Seats alternate and both see the identical shared log" started.
◇ Suite "Affinity matches words, not fragments (A96)" started.
◇ Suite "The director's conflict choice is ordered (A74)" started.
◇ Suite "A session does not call unsourced keyword soup an answer" started.
◇ Suite "Mode resolution" started.
◇ Suite "Resolving an unknown screen" started.
◇ Suite "Embedded web assets" started.
◇ Suite "Reading a realistic investigation" started.
◇ Test "Seat B reads seat A's message in its prompt" started.
◇ Test "Stop ends the loop and leaves loaded weights alone" started.
◇ Suite "Line-ups" started.
◇ Suite "Vision capability decides whether images are sent" started.
◇ Test "Start is refused without a topic" started.
◇ Test "Each seat carries its own model id and sampling parameters" started.
◇ Test "A turn prompt is a valid system+user pair carrying every tagged log entry" started.
◇ Test "A page reached through a proxy builds its links on the host it was reached on" started.
◇ Suite "Seat roster configuration" started.
◇ Test "A client is told where to build a share link" started.
◇ Test "Non-ASCII and emoji survive percent-decoding in a URL" started.
◇ Test "A conversation can be found by id and deleted" started.
◇ Test "Long conversations are kept, not truncated" started.
◇ Test "A summary describes the conversation in one line" started.
◇ Test "The method is normalised to upper case" started.
◇ Test "Saving the same conversation twice updates it rather than duplicating" started.
◇ Test "Pause stops new turns; resume continues the rotation" started.
◇ Test "A link that names nothing says so, rather than opening an empty conversation" started.
◇ Test "A malformed request line is rejected, not guessed at" started.
◇ Test "An empty store reads as empty, not as broken" started.
◇ Test "A request that has not fully arrived reports that it is incomplete" started.
◇ Test "A conversation is written and read back whole" started.
◇ Test "A corrupt file is reported as unreadable rather than as an empty history" started.
◇ Test "A kept conversation can be opened from its link" started.
◇ Test "Several conversations are listed newest first" started.
◇ Test "A query string is split and decoded" started.
◇ Test "A body is read up to its content length, and no further" started.
◇ Test "A record from a newer format is not handed back as if it were understood" started.
◇ Test "A body with a multi-byte character counts bytes, not characters" started.
◇ Test "A minimal request is parsed" started.
◇ Test "A Content-Length too large to be an Int is refused, not crashed on" started.
◇ Test "A duplicated Content-Length is refused, not joined and misread as zero" started.
◇ Test "Repeated headers are joined rather than overwriting each other" started.
◇ Test "Stop after a restart stops the loop that is actually running" started.
◇ Test "Mid-turn steering is queued, delivered once, and seen by both seats" started.
◇ Test "A negative Content-Length is refused rather than used as a slice offset" started.
◇ Test "A cancelled predecessor does not clear the replacement's task reference" started.
◇ Test "The digest cap follows compactSummaryTokens rather than a constant" started.
◇ Test "An oversized body is refused before it is read" started.
◇ Test "The introduction lists participants by their given names" started.
◇ Test "A non-numeric Content-Length is refused" started.
◇ Test "The system message refers to a seat by the name it was given" started.
◇ Test "A logged turn keeps the name it was spoken under" started.
◇ Test "A compact turn never thinks, whatever the seat's live level is" started.
◇ Test "A renamed seat is named in the prompt the engine actually receives" started.
◇ Test "Renaming does not disturb identity, model or sampler" started.
◇ Test "Traits actually change the directive, so two builds of one archetype differ" started.
◇ Test "A varied archetype reads differently where it matters" started.
◇ Test "Parts of the prompt name participants by their given names" started.
◇ Test "The comedian is the funniest character and the hothead is not" started.
◇ Test "The compact turn uses the digest's answer cap, not the seat's" started.
◇ Test "Only the characters meant to needle have sharp jabs" started.
◇ Test "The session ends when the room has taken every subject up" started.
◇ Test "A renamed seat's reply is logged under the new name" started.
◇ Test "What the analysts say decides what is asked next" started.
◇ Test "The moderator's assignments are visible in the exported transcript" started.
◇ Test "The moderator assigns work instead of letting the rotation decide" started.
◇ Test "Characters that hold grudges are distinguishable from those that do not" started.
◇ Test "The seat that is assigned is the seat that speaks next" started.
◇ Test "A model that closes its own think block is not treated as truncated" started.
◇ Test "The dominant characters are more dominant than the retiring ones" started.
◇ Test "The ceiling accounts reasoning in roughly four-character tokens" started.
◇ Test "The aggressive characters are more aggressive than the conciliatory ones" started.
◇ Test "The snarky characters are snarkier than the earnest ones" started.
◇ Test "The characters built to escalate concede less readily than the ones built to soothe" started.
◇ Test "An entertainment run is not directed at all" started.
◇ Test "A session that has not covered the question does not conclude early" started.
◇ Test "The ceiling notice describes what actually happened" started.
◇ Test "The assignment reaches the seat in its prompt, tagged as the moderator's" started.
◇ Test "Other seats are named in a seat's system message, never itself as an other" started.
◇ Test "The two modes do not share their rules" started.
◇ Test "Thinking off is never cut off by a ceiling" started.
◇ Test "Every type the sniffer can return is one the API accepts" started.
◇ Test "The generation cap is monotone across every thinking mode" started.
◇ Test "The opening log is topic then introduction, numbered in order" started.
◇ Test "Reset clears the log and the turn counters" started.
◇ Test "Tool turns and thinking are kept out of the prompt log" started.
◇ Test "A ceiling reached while thinking ends the turn with no answer and keeps the reasoning" started.
◇ Test "Attachments count towards the context estimate" started.
◇ Test "The research rules ask for method, labelling and revision" started.
◇ Test "The entertainment rules ask for conflict and refuse to wrap up" started.
◇ Test "A TIFF is converted to a type the API accepts" started.
◇ Test "The source material is data in the user turn, never the system message" started.
◇ Test "A PNG is passed through byte-identical" started.
◇ Test "The picker still offers the formats intake converts" started.
◇ Test "Entertainment is not told to cite, and research is" started.
◇ Test "Attachments survive the context estimate being computed" started.
◇ Test "Web tools are offered only to seats that enable them" started.
◇ Test "No attachments means no extra message" started.
◇ Test "A BMP is converted to a type the API accepts" started.
◇ Test "The accepted list is exactly the documented types" started.
◇ Test "Attached text is given to the models, delimited and named" started.
◇ Test "The events stream also carries each event once" started.
◇ Test "A conversation that has started refuses new material" started.
◇ Test "Prose in a section that is not a claim is not an unlabelled claim" started.
◇ Test "A report with no claims at all is not called labelled" started.
◇ Test "An observeEvents subscriber sees each token once, in order" started.
◇ Test "The report says how far the investigation went and why it stopped" started.
◇ Test "The budget cannot be changed once the investigation has started" started.
◇ Test "One labelled claim beside fifty bare assertions is not labelled" started.
◇ Test "The markdown says how many claims carry no label" started.
◇ Test "The moderator writes the report, and is told it is organising rather than adding" started.
◇ Test "The report is logged as its own kind of turn, not as a contribution" started.
◇ Test "The session stops at its round budget and a report is produced" started.
◇ Test "A convergence stop produces a report too, and says why" started.
◇ Test "A budget can be chosen before the run" started.
◇ Test "A claim section with no labels at all is still not labelled" started.
◇ Test "The report reaches the API snapshot, with its warnings" started.
◇ Test "The session starts with the configured budget" started.
◇ Test "The neutral persona adds nothing to the system message" started.
◇ Test "The event stream's own head grants nothing either" started.
◇ Test "Entertainment starts no session, because it has no end condition" started.
◇ Test "A persona changes only the seat's instructions, never the shared log" started.
◇ Test "The other seat's persona never leaks into a prompt" started.
◇ Test "A seat's persona is stated in its own system message" started.
◇ Test "⌘0 lands exactly on 100%" started.
◇ Test "A read the audit names carries no cross-origin grant" started.
◇ Test "Stepping up moves to the next level and stops at the top" started.
◇ Test "Every level is a clean percentage once rounded for display" started.
◇ Test "Levels are strictly increasing between 85% and 200%" started.
◇ Test "Introduction names the topic and every participant" started.
◇ Test "An unconfigured moderator says nothing to the room" started.
◇ Test "A very long name is trimmed rather than pasted into the log" started.
◇ Test "A cross-origin write is not preflighted into succeeding" started.
◇ Test "A name alone is enough to be introduced" started.
◇ Test "Repeated stepping covers the whole range in both directions" started.
◇ Test "The two default seats ship with contrasting styles" started.
◇ Test "Stepping down moves to the previous level and stops at the bottom" started.
◇ Test "A malformed id is refused rather than deleting something at random" started.
◇ Test "A conversation links a running engine to the store it is written into" started.
◇ Test "Settings keep the moderator across a restart, and tolerate an older payload" started.
◇ Test "The room is told who is asking, through the engine's own turn" started.
◇ Test "The prompt names the moderator, and only when there is something to say" started.
◇ Test "The reply accessors the front ends use agree with the wire format" started.
◇ Test "The opening brief introduces the moderator" started.
◇ Test "A persona describes how the moderator's interjections read" started.
◇ Test "Opening something that is not there is refused, not answered with a blank conversation" started.
◇ Test "A name that is only whitespace is treated as no name" started.
◇ Test "MLXEngine: all three setters take effect when awaited on the concrete type" started.
◇ Test "Steering an idle conversation starts it" started.
◇ Test "A stream that ends mid-reply throws instead of finishing" started.
◇ Test "A moderator can be renamed while a conversation is running" started.
◇ Test "OpenAIResponsesEngine: all three setters take effect when awaited on the concrete type" started.
◇ Test "A kept conversation comes back with its transcript and its topic" started.
◇ Test "Deleting removes it from disk, and says so by returning the shorter list" started.
◇ Test "An explicit failure keeps the server's own reason" started.
◇ Test "A crafted document is not system-role instruction" started.
◇ Test "A document cannot forge the app's fence" started.
◇ Test "The engine does not record a truncated stream as a finished turn" started.
◇ Test "A stub that leans on the protocol default still compiles and stays inert" started.
◇ Test "`data: [DONE]` alone is not a completed response" started.
◇ Test "More than 64 KB on both streams does not deadlock" started.
◇ Test "A crafted topic is not system-role instruction" started.
◇ Test "A command that outlives the timeout is killed and reaped, not waited on" started.
◇ Test "A quick command returns its status and output" started.
◇ Test "Defaults are a usable configuration" started.
◇ Test "A FIFO staged as an attachment cannot wedge the conversion" started.
◇ Test "A full round trip keeps every seat setting" started.
◇ Test "A stream that completes yields its text, its usage and no error" started.
◇ Test "Live changes move currentSpec and leave spec alone" started.
◇ Test "Reconciliation preserves what the user set on the seats it keeps" started.
◇ Test "A payload from before a field existed still loads" started.
◇ Test "Attachments keep only what the engine can actually use" started.
◇ Test "Unreadable data is reported rather than silently replaced" started.
◇ Test "A fresh seat reports its spec and is not loaded" started.
◇ Test "Every field is carried by encoding, including the sampler" started.
◇ Test "Unloading an unloaded seat reports idle" started.
◇ Test "A document name cannot start a line of app text" started.
◇ Test "A seat built with one engine answers on either backend" started.
◇ Test "The other stop conditions are unchanged" started.
◇ Test "A chunk that reaches the ceiling is reported as reaching it" started.
◇ Test "The page carries the question, the participants and every entry" started.
◇ Test "An ordinary round with tool calls still dispatches them" started.
◇ Test "An abandoned round never dispatches tools, whatever fragments arrived" started.
◇ Test "A message cannot escape the page" started.
◇ Test "A converted upload's staging directory is removed" started.
◇ Test "A stored roster is reconciled with what the app supports" started.
◇ Test "A report travels with the page rather than being left behind" started.
◇ Test "A short conversation opens fully, and a long one starts at the beginning" started.
◇ Test "A new pacer starts from the measured rate, not the 40 cps default" started.
◇ Test "The page never inserts content as markup" started.
◇ Test "A page with no topic still has a title" started.
◇ Test "With nothing measured the default rate is unchanged" started.
◇ Test "Blank values count as no key, not as an empty one" started.
◇ Test "The JSON island is valid JSON once the escaping is undone" started.
◇ Test "Engine state reports readiness only for ready" started.
◇ Test "A missing or unmeasurable rate leaves the pacer at its defaults" started.
◇ Test "The room is told search is available only when it is" started.
◇ Test "Surrounding whitespace is trimmed, because a pasted key carries it" started.
◇ Test "The file is used when the environment has nothing" started.
◇ Test "The environment variable wins over the file" started.
◇ Test "A fresh clone with neither source has no key" started.
◇ Test "Seeding starts at the ceiling a measured pacer converges to" started.
◇ Test "The variable name is the one the documentation tells people to use" started.
◇ Test "No key is compiled into the client" started.
◇ Test "The methodological analysts are more skeptical than the advocate roles" started.
◇ Test "The moderator is told not to hold a position, unlike the analysts" started.
◇ Test "The evidence standards are genuinely different, not restatements" started.
◇ Test "Garbage is reported as a decode failure, not a crash" started.
◇ Test "Analyst directives require labelled claims, which is what makes a report usable" started.
◇ Test "A message survives the round trip through both framings" started.
◇ Test "A refusal is an answer, not a transport failure" started.
◇ Test "Every request survives a round trip" started.
◇ Test "An event round-trips, including a streamed fragment" started.
◇ Test "An event stream split mid-character reassembles" started.
◇ Test "Two snapshots in the same second are ordered by revision" started.
◇ Test "A seat change carries only what was asked for" started.
◇ Test "Every analyst states a method and an evidence standard" started.
◇ Test "The replay controls are there and wired to something" started.
◇ Test "The engine stamps a strictly increasing revision on every snapshot" started.
◇ Test "A return to an earlier speaker is a new run" started.
◇ Test "Encoding is stable, so a wire capture can be diffed" started.
◇ Test "The presets match the brief" started.
◇ Test "Today's date line is a time, yesterday says so, older says the day" started.
◇ Test "A change of speaker gets air and a new name" started.
◇ Test "The revision survives the protocol codec" started.
◇ Test "A real .rtf is converted to plain text" started.
◇ Test "Markdown is passed through as written, not converted" started.
◇ Test "Every turn kind maps to one of the three shapes" started.
◇ Test "Flags line up with the rows they describe" started.
◇ Test "A large text file is shortened to fit, and says so" started.
◇ Test "A payload from an engine that predates the field still decodes" started.
◇ Test "A real .docx is converted to plain text" started.
◇ Test "A backwards clock step does not make a newer snapshot look stale" started.
◇ Test "A custom duration scales the other limits to match" started.
◇ Test "The human's own messages never group together" started.
◇ Test "An engine that sends no revision falls back to the clock" started.
◇ Test "The size limit is enforced for real files" started.
◇ Test "A run from one speaker is named once and pictured once" started.
◇ Test "A real PDF's text layer is extracted" started.
◇ Test "An image is read as bytes and produces no text" started.
◇ Test "A date line only goes above the first message of a run" started.
◇ Test "A PDF with no text layer is reported as needing OCR" started.
◇ Test "The prompt tells the moderator it is organising, not adding" started.
◇ Test "A system line is its own group and never carries a date" started.
◇ Test "Several files are added, and one bad file does not discard the good ones" started.
◇ Test "Answer text containing an opening delimiter is preserved" started.
◇ Test "The prompt requires labels and forbids inventing findings" started.
◇ Test "A date line appears at the start and after a long silence" started.
◇ Test "Unprimed stream consumes an explicit opening delimiter" started.
◇ Test "A plain text file is read, including non-ASCII" started.
◇ Test "A reworded assignment still counts from one seat" started.
◇ Test "Primed stream routes the thought, then the answer" started.
◇ Test "The prompt asks for every required section, by name" started.
◇ Test "The transcript is included" started.
◇ Test "A model that never closes the thought keeps everything in reasoning" started.
◇ Test "A percentage sign only states a magnitude when a number is attached" started.
◇ Test "An assignment that is not the unaddressed one carries no marker" started.
◇ Test "The property is monotone across every level" started.
◇ Test "A marker that begins a word still matches, including as a stem" started.
◇ Test "The unaddressed-subject rule is the one marked, and only when it fires" started.
◇ Test "A stored transcript without the marker still reads through the old wording" started.
◇ Test "The property and the engine helper are the same function" started.
◇ Test "Both seats share the requested preset by default" started.
◇ Test "Unlimited is never below high, whatever the context window" started.
◇ Test "A marker inside a longer word is not a match" started.
◇ Test "Only off declines to think" started.
◇ Test "A client can ask the engine for its state and get it" started.
◇ Test "A delimiter split across chunks is not leaked as text" started.
◇ Test "The seat's thinking level can change without touching the model" started.
◇ Test "A report survives a save and reload" started.
◇ Test "A forged moderator name cannot draw a second tag" started.
◇ Test "A conflict direction does not become single-seat coverage" started.
◇ Test "The hard generation cap is the answer budget plus the thinking ceiling" started.
◇ Test "Off asks the template to disable thinking; the others leave it on" started.
◇ Test "A report with no labels is reported as unlabelled rather than rejected" started.
◇ Test "Legitimate names are unchanged" started.
◇ Test "Only fact and sourced count as reliable" started.
◇ Test "A seat's display name cannot add a line to another seat's system message" started.
◇ Test "Prose with no headings is still kept as a summary" started.
◇ Test "The app note is in the log, marked as not a message" started.
◇ Test "Missing sections are named, not quietly omitted" started.
◇ Test "Markdown emphasis around a label is tolerated" started.
◇ Test "Section headings are matched however the model words them" started.
◇ Test "The markdown carries the question, the budget and the reason it stopped" started.
◇ Test "The briefing's peer text is not in the system message" started.
◇ Test "A file over the size limit is refused before it is read" started.
◇ Test "A document is added with its text, name and size" started.
◇ Test "A research persona is found in the research library" started.
◇ Test "Labelled claims are read with their labels" started.
◇ Test "Budgets ascend from off to unlimited" started.
◇ Test "A forged seat name cannot forge a log tag" started.
◇ Test "A long document is shortened and says so" started.
◇ Test "A PDF with no text layer is reported as needing OCR, not as empty" started.
◇ Test "An empty document is refused rather than attached as nothing" started.
◇ Test "An image is added with its bytes and no text" started.
◇ Test "A body that is not JSON is an error, not an empty list" started.
◇ Test "An image with no data is refused" started.
◇ Test "An empty model list is empty, not an error" started.
◇ Test "An unsupported extension is refused with a clear reason" started.
◇ Test "An entertainment persona is not substituted into a research briefing" started.
◇ Test "An entertainment run still resolves an entertainment persona" started.
◇ Test "A research run does not describe the moderator as a reality-show character" started.
◇ Test "An empty model list is still reported as no model loaded" started.
◇ Test "A valid model list is read" started.
◇ Test "An unloaded engine probes again on the next turn" started.
◇ Test "A later probe failure cannot fail an otherwise good turn" started.
◇ Test "A body of the wrong shape is an error, not an empty list" started.
◇ Test "Only the first turn probes /v1/models" started.
◇ Test "An unreadable /v1/models body is not reported as a missing model" started.
◇ Test "A rebuilt image reports its real size rather than zero bytes" started.
◇ Test "With no engine description the locally extracted figures are still used" started.
◇ Test "The data URL carries the real media type and base64 payload" started.
◇ Test "The media type comes from the bytes, not the filename" started.
◇ Test "An image with no bytes reports nothing rather than an empty image" started.
◇ Test "A document has no image media type" started.
◇ Test "A host and port are accepted as they are" started.
◇ Test "The banner names every field the check measured" started.
◇ Test "Settings written before the fields existed still decode" started.
◇ Test "An entry without an id is dropped rather than faked" started.
◇ Test "A session that died after a refusal is reported" started.
◇ Test "The engine's figures survive the settings round-trip" started.
◇ Test "A command that did not take effect is a failure" started.
◇ Test "A check that connected and made its round trips succeeds" started.
◇ Test "Anything that is not a host is refused rather than interpolated" started.
◇ Test "Success needs the connection, the round trips and no failure" started.
◇ Test "A rebuilt document reports the engine's summary and token count, not zero" started.
◇ Test "The event stream must deliver the initial state" started.
◇ Test "A refusal marks the check, and a missing one is reported" started.
◇ Test "Thinking off keeps a smaller floor, since nothing is being reasoned" started.
◇ Test "A state read that returned nothing is a failure" started.
◇ Test "A budget too small to be a deadline is floored at one millisecond" started.
◇ Test "The environment override wins, and expands a tilde" started.
◇ Test "The client's request budget is the check's own timeout" started.
◇ Test "A revising turn resets the convergence count instead of adding to it" started.
◇ Test "The output ceiling leaves room for reasoning, which shares it" started.
◇ Test "A budget too large for the transport's field is clamped, not trapped" started.
◇ Test "A generous answer budget is not lowered" started.
◇ Test "Only a phone gets the single-column layout by default" started.
◇ Test "Asking for reasoning text also asks for the effort" started.
◇ Test "The effort is sent even when the reasoning text is not wanted" started.
◇ Test "Every thinking level maps to an effort the server understands" started.
◇ Test "The private key is in the encoding the transport accepts" started.
◇ Test "Breakpoints put the narrowest tablet in one column" started.
◇ Test "An identity is generated and is usable" started.
◇ Test "The private key is not world-readable" started.
◇ Test "A partial identity on disk is regenerated rather than half-used" started.
◇ Test "Once someone else takes the question up, the gap stops being reissued" started.
◇ Test "A conflict the room has since worked on stops being pursued" started.
◇ Test "Two separate stores have different identities" started.
◇ Test "The same identity comes back on the next load, which is what pinning needs" started.
◇ Test "Agreement settles a question unless it is reopened afterwards" started.
◇ Test "A challenge is paired with the claim it answered, as a conflict" started.
◇ Test "Coverage is the room's engagement, not one seat's mention" started.
◇ Test "Only the analysts are counted, never the moderator" started.
◇ Test "A streaming client that goes away is pruned from the server's books" started.
◇ Test "An entertainment transcript produces no research state at all" started.
◇ Test "A research line-up with no declared roles is still read, rather than ignored" started.
◇ Test "A claim with nothing behind it is flagged, and named by what it claimed" started.
◇ Test "A stream ending mid-character drops the partial byte rather than emitting a replacement" started.
◇ Test "A saved conversation keeps the marker" started.
◇ Test "A prompt carrying every script reaches the model unchanged" started.
◇ Test "Bytes cut mid-character lose the partial character, not the whole string" started.
◇ Test "Whole text decodes unchanged, and byte prefixes stay valid" started.
◇ Test "Shortened text is still valid UTF-8 with no replacement characters" started.
◇ Test "Four seats each keep their own persona" started.
◇ Test "Whole chunks pass through the buffer untouched" started.
◇ Test "No seat speaks twice before the others have spoken" started.
◇ Test "Every seat speaks, in order, in a four-way conversation" started.
◇ Test "A three-seat conversation also rotates through all three" started.
◇ Test "Shortening counts grapheme clusters, never splitting a character" started.
◇ Test "Text is released at the configured rate, not in one burst" started.
◇ Test "A transcript survives the engine round trip and the tagged log intact" started.
◇ Test "A burst is absorbed: a large chunk is shown over many frames" started.
◇ Test "A character split across streaming chunks is reassembled, not replaced" started.
◇ Test "Every seat is described to the others, not just the pair" started.
◇ Test "Clearing a seat drops only that seat's text" started.
◇ Test "Four seats are supported and built" started.
◇ Test "The reveal rate follows the model's own throughput" started.
◇ Test "A long word without a boundary is released anyway rather than stalling" started.
◇ Test "Revealing stops on a word boundary so words do not appear letter by letter" started.
◇ Test "Resetting drops queued text" started.
◇ Test "The reveal rate never exceeds the model's own rate" started.
◇ Test "Nothing is released before any time passes" started.
◇ Test "A steady queue is what makes the hand-off immediate" started.
◇ Test "isDraining reports whether anything is still being revealed" started.
◇ Test "A slow model is tracked, not sped up to a comfortable reading rate" started.
◇ Test "Each seat and each channel is paced separately" started.
◇ Test "The text export keeps Unicode, and stays valid UTF-8" started.
◇ Test "A usable basic response is not retried" started.
◇ Test "A hit is only blank when it has neither title nor content" started.
◇ Test "An empty response retries at basic and stops at advanced" started.
◇ Test "One usable hit among blanks is used, not retried" started.
◇ Test "The advanced retry keeps includeAnswer" started.
◇ Test "Three blank items retry at advanced and return the real hits" started.
◇ Test "Fractional remainders accumulate instead of being lost" started.
◇ Test "A claim with no basis is sent to the analyst whose method can check it" started.
◇ Test "An advanced search does not retry again" started.
◇ Test "The moderator is never assigned analytical work" started.
◇ Test "The analyst who just spoke is not asked to answer themselves" started.
◇ Test "Nobody is directed when the room is level and everything is covered" started.
◇ Test "Blank hits are removed before the retry is decided" started.
◇ Test "An analyst who has barely been heard from gets the floor" started.
◇ Test "An unanswered sub-question is directed at the analyst equipped for it" started.
◇ Test "A conflict is sent to someone who can settle it, and named" started.
◇ Test "A seat reports the friendly name, whichever backend it uses" started.
◇ Test "DeepSeek models are called what DeepSeek calls them" started.
◇ Test "A server prefix does not change the name" started.
◇ Test "An unknown model is tidied up rather than shown raw" started.
◇ Test "Other well-known families get their proper names" started.
◇ Test "The round's parameters mirror the turn's settings" started.
◇ Test "A round with no info event still reports honest statistics" started.
◇ Test "An index with none of its shards is not a usable checkpoint" started.
◇ Test "Reasoning with no answer is reported as having spent the budget" started.
◇ Test "Tool rounds are bounded, whatever the model keeps asking for" started.
◇ Test "A call for a tool the turn did not offer is refused, not run" started.
◇ Test "Fabricated tool syntax is stripped and the speaker tag removed" started.
◇ Test "The mode is fixed once the conversation has started" started.
◇ Test "A tool round is framed as the template requires, and callable again" started.
◇ Test "A research mode brings a session, and leaving it drops the budget" started.
◇ Test "Images ride on the last user entry of the first round only" started.
◇ Test "The reasoning ceiling ends the turn and fails it with no answer" started.
◇ Test "The reported stats come from the round's info event" started.
◇ Test "The engine answers a state request while a document is converting" started.
◇ Test "Personas that suit either mode are kept when the mode changes" started.
◇ Test "Prompt assembly sends the opening messages unchanged, in order" started.
◇ Test "A typed key with a trailing line ending is trimmed" started.
◇ Test "Switching to research reseats every persona, because the libraries differ" started.
◇ Test "The host check trims line endings, as responsesURL already did" started.
◇ Test "A whitespace-only typed key reads as absent, not as a key" started.
◇ Test "A failed turn clears isGenerating too" started.
◇ Test "The tool log reaches a state-only client through the live view" started.
◇ Test "A turn in flight reports isGenerating, and its end clears it" started.
◇ Test "The fallback is the same folder for the app and for the engine it starts" started.
◇ Test "With no checkout it writes outside the bundle, on a path a user can write" started.
◇ Test "A directory that merely contains models is not a checkout" started.
◇ Test "A checkout keeps its runtime state in .run, as it always has" started.
◇ Test "Clearing a finished investigation leaves it able to run again" started.
◇ Test "A blank typed key falls through instead of shadowing the built-in key" started.
◇ Test "Only a contribution can be scored" started.
◇ Test "A contribution can be scored, and the scorecard comes back" started.
◇ Test "A vote never reaches a prompt" started.
◇ Test "A reopened investigation keeps its report, which is the deliverable" started.
◇ Test "An id that names nothing is refused, as is one that is not an id" started.
◇ Test "A vote survives being saved and reopened" started.
◇ Test "Clearing the votes empties the scorecard" started.
◇ Test "The endpoint's model is what decides, not the local checkpoint's id" started.
◇ Test "DeepSeek's flash tier accepts images" started.
◇ Test "DeepSeek's pro tier is not offered images, because it cannot read them" started.
◇ Test "An explicit override beats the guess" started.
◇ Test "A local seat's answer comes from the checkpoint, not the name" started.
◇ Test "The body is appended after the blank line, with nothing lost" started.
◇ Test "A plain checkpoint id is not mistaken for a vision model by substring" started.
◇ Test "Every status the server uses has a reason phrase" started.
◇ Test "Content-Length counts bytes for multi-byte text" started.
◇ Test "Error responses carry a status and a message a client can show" started.
◇ Test "A value that is only a line ending counts as no key" started.
◇ Test "Both key paths agree about the same CRLF file" started.
◇ Test "Lone carriage returns and a missing final newline still parse" started.
◇ Test "The status line and length are correct" started.
◇ Test "A CRLF environment variable is normalised too" started.
◇ Test "A CRLF file yields values with no carriage return" started.
◇ Test "Images are distinguished from documents" started.
◇ Test "Extensions map to the right kind" started.
◇ Test "Each kind has a label and a symbol" started.
◇ Test "A single analyst named in the sentence is an attribution" started.
◇ Test "A fully attributed report carries no traceability warning" started.
◇ Test "Prose after a dash is not read as a name" started.
◇ Test "An unattributed claim is marked rather than silently kept" started.
◇ Test "A trailing attribution names the analyst" started.
◇ Test "A claim attributed to somebody who was not in the room is named as such" started.
◇ Test "The missing-link page keeps its inline style and no script grant" started.
◇ Test "The interface policy has no inline grant" started.
◇ Test "A response that renders nothing gets a policy that loads nothing" started.
◇ Test "The share page keeps its inline stylesheet and script" started.
◇ Test "A response can replace the policy for a page that needs inline markup" started.
◇ Test "The interface is served with the strict policy" started.
◇ Test "The API carries the policy too, with nothing to load" started.
◇ Test "Other families that do see images are still recognised" started.
◇ Test "Every serialised response carries nosniff, a referrer policy and frame denial" started.
◇ Test "With an image the input becomes content blocks carrying the image" started.
◇ Test "Several images all travel with the one message" started.
◇ Test "Two analysts in one sentence is left unattributed rather than guessed between" started.
◇ Test "A /v1 URL and a bare URL both resolve to one responses endpoint" started.
◇ Test "The presence penalty is flipped to OpenAI's sign convention" started.
◇ Test "A report with no labels at all is not called traceable" started.
◇ Test "Compatibility is inferred from the URL, defaulting to permissive for localhost" started.
◇ Test "Reasoning is only requested when thinking is on" started.
◇ Test "A strict endpoint without a key is flagged before a request is attempted" started.
◇ Test "With no image the input stays a plain string" started.
◇ Test "Saved settings from before the compatibility field still decode" started.
◇ Test "Quoted values survive CRLF and are unquoted" started.
◇ Test "SSE lines are parsed only when they carry data" started.
◇ Test "An empty page adds nothing and is not truncation" started.
◇ Test "A strict endpoint receives only parameters in OpenAI's schema" started.
◇ Test "A CRLF file is split into its lines, comments included" started.
◇ Test "The blank line between pages counts against the ceiling" started.
◇ Test "An extended endpoint also receives the local-only parameters" started.
◇ Test "Ending exactly on the ceiling is not truncation" started.
◇ Test "A zero ceiling stores nothing rather than crashing" started.
◇ Test "A page that would overflow the join is cut to fit" started.
◇ Test "A truncated two-page PDF is stored within its ceiling" started.
◇ Test "The stored text never exceeds the ceiling over a run of pages" started.
◇ Test "A PDF that fits is not reported as shortened" started.
◇ Test "The threshold fires against the engine's window, not the spec's" started.
◇ Test "With neither window set, the shared default is used" started.
◇ Test "Text past the ceiling is cut to the ceiling and reports truncation" started.
◇ Test "An engine that reports no window falls back to the spec's" started.
◇ Test "An override settles it for a model that cannot be recognised" started.
➜ Test "The checkpoint downloaded on this machine declares vision" skipped.
◇ Test "A local seat without vision weights is unsupported" started.
◇ Test "An unrecognised API model is unknown, so images are not offered" started.
◇ Test "A config with no vision tower is a definite no, not an unknown" started.
◇ Test "A stray delimiter or echoed speaker tag is removed from the answer" started.
◇ Test "Two pages at the ceiling are stored at the ceiling" started.
◇ Test "Statistics are derived from the info event" started.
◇ Test "A model is named through the table, or tidied up when it is unknown" started.
◇ Test "A finished turn reports at most the failures it earned, in order" started.
◇ Test "Recognised API model families are supported" started.
◇ Test "The tool round is framed as assistant calls, results, then a user turn" started.
◇ Test "The list covers iPads back eight years" started.
◇ Test "The capture set has one entry per distinct shape" started.
◇ Test "Viewports are CSS points, not marketing resolutions" started.
◇ Test "Identifiers are unique, so a profile is addressable" started.
◇ Test "The list covers the phones the brief asked for" started.
◇ Test "Every profile is usable and named" started.
◇ Test "The list reaches down to the narrowest screens in use" started.
◇ Test "Every character and analyst produces a usable directive" started.
◇ Test "Identifiers are unique, so a stored seat always resolves to the same character" started.
◇ Test "The analyst library is the requested size and covers every group" started.
◇ Test "The entertainment cast is the requested size and covers every group" started.
◇ Test "A frame round-trips" started.
◇ Test "The bytes sniffer does not recognise HEIC" started.
◇ Test "The length is big-endian and precedes the payload" started.
◇ Test "One seat naming all ten subjects with a basis covers none of them" started.
◇ Test "The model's tool spec carries the provider's own description" started.
◇ Test "Answering the moderator's own assignment is coverage from one seat" started.
◇ Test "An attachment at the engine's own size limit fits the wire cap" started.
◇ Test "A room that has taken every subject up has nothing outstanding" started.
◇ Test "A message of exactly the limit is accepted" started.
◇ Test "Two frames in one buffer yield the first and the remainder" started.
◇ Test "The director still points the room at the subjects a single seat raised" started.
◇ Test "The stop reason is reported as the template's own word" started.
◇ Test "A second seat taking the subject up is coverage" started.
◇ Test "An absurd length is refused rather than buffered" started.
◇ Test "A sender refuses a message over the cap rather than framing it" started.
◇ Test "A partial header is incomplete" started.
◇ Test "A message containing a newline survives, which is why length prefixes are used" started.
◇ Test "The scorecard is sorted by score and then by seat, so two readers see one order" started.
◇ Test "Only decodable images reach the engine" started.
◇ Test "An empty buffer is incomplete, not an error" started.
◇ Test "A partial payload is incomplete, and none of it is lost" started.
◇ Test "A seat with a positive score leads even when another has more votes" started.
◇ Test "The three size limits are derived from one place" started.
◇ Test "A vote can be withdrawn, so a mis-click is not reversed by its opposite" started.
◇ Test "A tie has no leader rather than an arbitrary winner" started.
◇ Test "A vote is recorded against the seat that spoke" started.
◇ Test "A checkpoint whose config declares a vision tower is read as yes" started.
◇ Test "Voting twice changes the vote rather than counting twice" started.
◇ Test "A relative traversal filename cannot write outside the staging directory" started.
◇ Test "A fresh session is running" started.
◇ Test "One contribution that adds something resets the convergence count" started.
◇ Test "Reaching the search budget stops it" started.
◇ Test "Reaching the time budget stops it, without any rounds" started.
◇ Test "A deeper session tolerates more quiet turns before giving up" started.
◇ Test "A session survives a save and reload, keeping its clock and counters" started.
◇ Test "A run of contributions that add nothing is read as convergence" started.
◇ Test "The moderator can stop it, and a finished session does not restart" started.
◇ Test "Different starts give different names" started.
◇ Test "Reaching the round budget stops it" started.
◇ Test "The roster the app starts from is named" started.
◇ Test "A stopped session still counts as finished, so a report is written" started.
◇ Test "The seat ids are untouched, so the log and settings keep working" started.
◇ Test "One seat is named, and does not crash" started.
◇ Test "Agent 1 gets a female name and Agent 2 a male one" started.
◇ Test "A third and fourth seat keep their numbers" started.
◇ Test "A sourced mention is coverage only once the room has engaged" started.
◇ Test "The answered reason no longer claims the subjects were answered" started.
◇ Test "An unsourced paragraph that names every subject covers none of them" started.
◇ Test "The registry chooses the instance for an offered name" started.
◇ Test "A failing offered tool is reported to the model rather than thrown" started.
◇ Test "An offered tool runs" started.
◇ Test "A tool the caller did not offer is refused, even when the registry holds it" started.
◇ Test "An empty offer is empty, which is what suppresses the tool specs" started.
◇ Test "A caller-supplied tool runs even when the registry has never heard of it" started.
◇ Test "response.incomplete ends the read instead of consuming what follows" started.
◇ Test "The status line reports progress while running and the reason once finished" started.
◇ Test "A name reaches the prompt, so the models use it" started.
◇ Test "A blank name is refused rather than leaving a seat unnamed" started.
◇ Test "The mode is refused once the conversation has started" started.
◇ Test "A top-level error event ends the read too" started.
◇ Test "response.failed ends the read instead of consuming what follows" started.
◇ Test "A topic is refused once the conversation has started, as a refusal not an error" started.
◇ Test "Steering with text is accepted and reaches the engine" started.
◇ Test "Reset returns the engine to a fresh conversation" started.
◇ Test "A removable attachment can be removed by id, and an unknown id is harmless" started.
◇ Test "Deleting one conversation keeps a future-version record" started.
◇ Test "Offering one tool does not make another reachable" started.
◇ Test "A save refuses rather than overwriting a file it cannot decode" started.
◇ Test "A topic can be set before the conversation starts" started.
◇ Test "A future-version record survives a second save" started.
◇ Test "Every field of a seat change is applied" started.
◇ Test "Start, pause, resume and stop are all accepted and change the status" started.
◇ Test "A snapshot carries the personas the picker needs" started.
◇ Test "Steering with empty text is refused" started.
◇ Test "An empty topic is refused rather than blanking the question" started.
◇ Test "A seat change alters only the fields it names" started.
◇ Test "fetchReport refuses politely before a session has run" started.
◇ Test "fetchState returns the current state" started.
◇ Test "Peacemaking lowers hostility and clears the grudge" started.
◇ Test "State decays, so one early exchange does not define the whole conversation" started.
◇ Test "The research budget is set from the service" started.
◇ Test "A weak claim makes the others less willing to take that seat seriously" started.
◇ Test "The reasoning preference is held by the service" started.
◇ Test "An unknown seat is refused rather than silently ignored" started.
◇ Test "An attachment with a name that is not a document is refused, not crashed on" started.
◇ Test "Recent beats are bounded, because a conversation is endless" started.
◇ Test "Attachments can be cleared" started.
◇ Test "A concession earns respect and drops the grudge" started.
◇ Test "The briefing carries no numbers" started.
◇ Test "A jab ends an alliance" started.
◇ Test "The mode switches and reseats the personas" started.
◇ Test "A count beyond the supported maximum is clamped, not crashed" started.
◇ Test "The briefing is terse and only reports what has moved" started.
◇ Test "Each generated seat gets its own style, so a roster is not four of a kind" started.
◇ Test "Agreement that is returned forms an alliance, and one gesture does not" started.
◇ Test "The same conversation read twice produces the same state" started.
◇ Test "Three seats are tracked pairwise, so an alliance can exclude someone" started.
◇ Test "Four seats rotate in order too" started.
◇ Test "Nobody is called the leader while the room is level" started.
◇ Test "Seats are generated with distinct ids, up to the supported maximum" started.
◇ Test "Seats have distinct sampling seeds, so identical weights do not converge" started.
◇ Test "State survives a save and reload, so a restarted app keeps the room" started.
◇ Test "A seat is told about all the other seats, and never about itself as an other" started.
◇ Test "The introduction names every participant of a four-seat roster" started.
◇ Test "A throwing body still releases the gate" started.
◇ Test "The turn limit scales with the roster in the default configuration" started.
◇ Test "Turn order rotates through every seat and then repeats" started.
◇ Test "Two exclusive bodies never overlap" started.
◇ Test "Exclusive access returns what the body returned" started.
◇ Test "A jab raises the target's hostility and creates a grudge" started.
◇ Test "Ordinary prose is not flagged" started.
◇ Test "Each seat can be pointed at a different checkpoint" started.
◇ Test "A repeating phrase is caught" started.
◇ Test "Short output is never judged" started.
◇ Test "Ordinary prose that mentions a tool name is untouched" started.
◇ Test "Fabricated tool markers and query lines are dropped" started.
◇ Test "A clean answer is returned unchanged" started.
◇ Test "The ceiling stops the session on the count that was spent" started.
◇ Test "A turn that makes three tool calls is charged three, not one" started.
◇ Test "An unbounded session stops at the ceiling rather than running past it" started.
◇ Test "A turn that makes no call is charged nothing even after one that did" started.
◇ Test "Every seat reads the contributions of all the others" started.
◇ Test "Text that merely reuses common words is not flagged" started.
➜ Test "A DeepSeek endpoint picks up a configured key without anyone typing one" skipped.
◇ Test "A key the user typed always wins" started.
◇ Test "A strict endpoint with no key is still reported as missing one" started.
◇ Test "The key survives a settings round trip without being written in" started.
◇ Test "The environment can override it, on a machine that sets one" started.
◇ Test "A missing secrets file is not an error" started.
◇ Test "An empty stored key falls back rather than being sent as blank" started.
◇ Test "A very short name is not matched, because it would hit at random" started.
◇ Test "A sourced claim is not read as unsupported" started.
◇ Test "An apology is read as reconciliation" started.
◇ Test "The key is read from the gitignored file, not from the source" started.
◇ Test "A personal attack is a jab; an attack on an argument is a challenge" started.
◇ Test "An explicit concession is read" started.
◇ Test "A grudge can name what was said" started.
◇ Test "Confident assertion with nothing behind it is read as unsupported" started.
◇ Test "A name is only matched on a word boundary" started.
◇ Test "Hedging prevents a claim being read as overconfident" started.
◇ Test "Agreement is read, and is distinct from conceding" started.
◇ Test "A session saved mid-run is still resumed rather than suppressed" started.
◇ Test "Reopening a finished session and pressing Start writes no second report" started.
◇ Test "No name appears in both lists, or twice in one" started.
◇ Test "Names are non-empty, single-line, and not marked up" started.
◇ Test "The languages the brief asked for" started.
◇ Test "Accents and non-ASCII names survive" started.
◇ Test "All six languages are present, each with both lists" started.
◇ Test "Scenarios are listed per mode" started.
◇ Test "Every scenario is complete, and points at a line-up that exists" started.
◇ Test "A scenario draw is reproducible and comes from the right mode" started.
◇ Test "An unknown scenario is refused" started.
◇ Test "Applying a scenario clears a topic that was already there" started.
◇ Test "Applying a scenario sets the question, the mode and the panel together" started.
◇ Test "A scenario cannot be applied to a conversation already running" started.
◇ Test "The buffer holds a bounded number of events, not the whole run" started.
◇ Test "An ordinary message is still silent" started.
◇ Test "A contradiction held up is read" started.
◇ Test "The convergence claim says what the app can actually detect" started.
◇ Test "The key is not sent anywhere else" started.
◇ Test "A concession moves the speaker's position too" started.
◇ Test "The transcript is between the two fences" started.
◇ Test "A response that does not follow the format is still honest about it" started.
◇ Test "A response consisting only of an echo yields nothing rather than the echo" started.
◇ Test "The rules are stated again after the transcript" started.
◇ Test "An echoed fenced region is not parsed as report content" started.
◇ Test "A fence forged inside the transcript is neutralised" started.
◇ Test "A real marker still counts, including its inflections" started.
◇ Test "The page references only assets that exist" started.
◇ Test "A word that merely contains a marker is not a basis" started.
◇ Test "The tightened rule moves coverage: two bare statistics claims are not coverage" started.
◇ Test "fencedTranscript removes the token the boundary is made of" started.
◇ Test "An ordinary message produces no signals at all" started.
◇ Test "Explicit self-revision is a position change" started.
◇ Test "The page and its assets are served, at the paths the page asks for" started.
◇ Test "Each message is stamped and attributed" started.
◇ Test "Every message appears exactly once, merged in one log" started.
◇ Test "Messages are in chronological order" started.
◇ Test "The export is valid UTF-8 that round-trips" started.
◇ Test "A condensation is recorded as replacing the history" started.
◇ Test "A multi-line message stays one entry" started.
◇ Test "An empty conversation still produces a readable file" started.
◇ Test "An empty topic still yields a filename" started.
◇ Test "The setup brief is left out; it is not something anyone said" started.
◇ Test "Tool traffic is kept, since it is part of what happened" started.
◇ Test "A very long topic does not produce an unusable filename" started.
◇ Test "The format does not follow the machine's region" started.
◇ Test "A connection that sends a partial request and stalls is dropped" started.
◇ Test "Timestamps use the requested format" started.
◇ Test "Every category has at least one style, so no menu section is empty" started.
◇ Test "The library offers at least 25 selectable styles" started.
◇ Test "Ids and names are unique, and every style is usable" started.
◇ Test "An unknown id resolves to neutral rather than failing" started.
◇ Test "The digest is placed after the opening, not in front of it" started.
◇ Test "An empty digest is refused rather than replacing the log with nothing" started.
◇ Test "With too little history it declines instead of condensing one message" started.
◇ Test "The condensation prompt carries the transcript, the topic and the prior digest" started.
◇ Test "The context estimate accounts for the prompt, not just the transcript" started.
◇ Test "A digest is rendered into later prompts so the models keep the thread" started.
◇ Test "Neutral imposes no directive" started.
◇ Test "A failing condensation leaves the log untouched and says so" started.
◇ Test "An unknown path is not served as an asset" started.
◇ Test "The header names the topic and the participants" started.
◇ Test "The suggested filename is usable and carries the topic and a timestamp" started.
◇ Test "Compaction reduces the estimated prompt" started.
◇ Test "Compacting keeps the transcript ordered and uniquely numbered" started.
◇ Test "A research seat is not, because the modes do not share a philosophy" started.
◇ Test "An entertainment seat is told how the room stands" started.
◇ Test "A trailing newline leaves nothing pending" started.
◇ Test "Every complete line is returned and the partial tail is kept" started.
◇ Test "Nothing complete means nothing emitted" started.
◇ Test "An empty line is skipped rather than decoded" started.
◇ Test "Both extra sections at once still produce one system message" started.
◇ Test "An entertainment prompt with a social history is template-compatible" started.
◇ Test "The last message is the ask, from the user" started.
◇ Test "A research prompt carries no social state" started.
◇ Test "The page is UTF-8 and declares it" started.
◇ Test "An entertainment prompt with source material is template-compatible" started.
◇ Test "A research prompt with source material is template-compatible" started.
◇ Test "Steering appended while generating keeps the shape" started.
◇ Test "A plain entertainment prompt is template-compatible" started.
◇ Test "A marker inside a longer word scores nothing" started.
◇ Test "A stem still matches the word it begins" started.
◇ Test "A real word still scores" started.
◇ Test "A digest replaces older turns, keeping the topic, brief and recent turns" started.
◇ Test "Two live conflicts resolve to the earlier sub-question, not a dictionary pick" started.
◇ Test "A settled conflict is passed over for the next one in order" started.
◇ Test "The same state directs the same way however the conflicts were collected" started.
◇ Test "The room taking every subject up can still conclude" started.
◇ Test "Naming every subject without a basis does not end the session as answered" started.
◇ Test "An identifier from the other library resolves to that mode's default, not to nothing" started.
◇ Test "Each mode offers its own library plus the shared styles" started.
◇ Test "Disabling compaction leaves the log intact" started.
◇ Test "Defaults are distinct, so a fresh session is not several identical seats" started.
◇ Test "A neutral conversation adds no social section" started.
◇ Test "A device unlike anything listed resolves to nothing, so width rules take over" started.
◇ Test "Tablets are matched as tablets, not as large phones" started.
◇ Test "Research defaults start with the moderator and include a challenger" started.
◇ Test "A near miss resolves to the closest device of the same class" started.
◇ Test "A wide screen is treated as a desktop" started.
◇ Test "A desktop is not matched against phones, however narrow the window" started.
◇ Test "The live header renders the seat's name as text, never as markup" started.
◇ Test "An exact match is returned as itself" started.
◇ Test "Every embedded asset is byte-for-byte the file it is generated from" started.
◇ Test "A paragraph that asserts and gives no basis anywhere is flagged" started.
◇ Test "The checkout this test reads is the one it was compiled in" started.
◇ Test "A sourced sentence shelters an unsupported one beside it, which is a known limit" started.
◇ Test "Coverage is the subjects the room took up, not one seat's prose" started.
◇ Test "Criticism that is not phrased as disagreement is read as coverage, not conflict" started.
◇ Test "The moderator asks the legal analyst the question nobody has touched" started.
◇ Test "Entertainment is endless and research is not" started.
[ChatBots] Agent 1 could not read the attached image broken.png
◇ Test "No preset is longer than the seats the engine supports" started.
◇ Test "Applying a line-up sets the seats and says what it did" started.
◇ Test "An unknown line-up is refused rather than quietly doing nothing" started.
◇ Test "A draw seats nobody twice, and never more than the room holds" started.
◇ Test "Every preset names personas that exist in its own mode" started.
◇ Test "A draw is reproducible from its seed" started.
◇ Test "A random line-up reports the seed it used" started.
◇ Test "A draw never picks a communication style as a participant" started.
◇ Test "A line-up cannot be changed once the conversation has started" started.
◇ Test "Different seeds give different rooms" started.
◇ Test "A text-only API model is not sent images, even if files were added" started.
◇ Test "The libraries are listed per mode, not merged" started.
➜ Test "The shipped local checkpoint declares vision, so images are offered" skipped.
◇ Test "The roster size can be raised by environment override" started.
◇ Test "The shipping roster is two seats" started.
◇ Test "A bad or oversized override falls back safely" started.
✔ Test "Each seat carries its own model id and sampling parameters" passed after 0.351 seconds.
✔ Test "A summary describes the conversation in one line" passed after 0.352 seconds.
✔ Test "The method is normalised to upper case" passed after 0.352 seconds.
✔ Test "Non-ASCII and emoji survive percent-decoding in a URL" passed after 0.352 seconds.
✔ Test "A turn prompt is a valid system+user pair carrying every tagged log entry" passed after 0.353 seconds.
✔ Test "An empty store reads as empty, not as broken" passed after 0.352 seconds.
✔ Test "A request that has not fully arrived reports that it is incomplete" passed after 0.352 seconds.
✔ Test "A body is read up to its content length, and no further" passed after 0.352 seconds.
✔ Test "A query string is split and decoded" passed after 0.352 seconds.
✔ Test "A conversation is written and read back whole" passed after 0.352 seconds.
✔ Test "A malformed request line is rejected, not guessed at" passed after 0.353 seconds.
✔ Test "A body with a multi-byte character counts bytes, not characters" passed after 0.352 seconds.
✔ Test "A record from a newer format is not handed back as if it were understood" passed after 0.352 seconds.
✔ Test "A minimal request is parsed" passed after 0.355 seconds.
[ChatBots] Agent 1 stripped 2 line(s) of fabricated tool syntax from the answer
✔ Test "A Content-Length too large to be an Int is refused, not crashed on" passed after 0.356 seconds.
✔ Test "A corrupt file is reported as unreadable rather than as an empty history" passed after 0.357 seconds.
✔ Test "Repeated headers are joined rather than overwriting each other" passed after 0.357 seconds.
✔ Test "The digest cap follows compactSummaryTokens rather than a constant" passed after 0.358 seconds.
✔ Test "A duplicated Content-Length is refused, not joined and misread as zero" passed after 0.359 seconds.
✔ Test "A conversation can be found by id and deleted" passed after 0.360 seconds.
✔ Test "Several conversations are listed newest first" passed after 0.360 seconds.
✔ Test "An oversized body is refused before it is read" passed after 0.360 seconds.
✔ Test "A negative Content-Length is refused rather than used as a slice offset" passed after 0.360 seconds.
✔ Test "A non-numeric Content-Length is refused" passed after 0.360 seconds.
✔ Test "The introduction lists participants by their given names" passed after 0.361 seconds.
✔ Test "Saving the same conversation twice updates it rather than duplicating" passed after 0.364 seconds.
✔ Test "A compact turn never thinks, whatever the seat's live level is" passed after 0.364 seconds.
✔ Test "Renaming does not disturb identity, model or sampler" passed after 0.365 seconds.
✔ Test "A logged turn keeps the name it was spoken under" passed after 0.365 seconds.
✔ Test "Traits actually change the directive, so two builds of one archetype differ" passed after 0.368 seconds.
✔ Test "A varied archetype reads differently where it matters" passed after 0.368 seconds.
✔ Test "Long conversations are kept, not truncated" passed after 0.369 seconds.
✔ Test "The compact turn uses the digest's answer cap, not the seat's" passed after 0.369 seconds.
✔ Test "The comedian is the funniest character and the hothead is not" passed after 0.369 seconds.
✔ Test "Parts of the prompt name participants by their given names" passed after 0.370 seconds.
✔ Test "The system message refers to a seat by the name it was given" passed after 0.370 seconds.
✔ Test "The dominant characters are more dominant than the retiring ones" passed after 0.370 seconds.
✔ Test "Characters that hold grudges are distinguishable from those that do not" passed after 0.370 seconds.
✔ Test "The snarky characters are snarkier than the earnest ones" passed after 0.370 seconds.
✔ Test "Only the characters meant to needle have sharp jabs" passed after 0.371 seconds.
✔ Test "The aggressive characters are more aggressive than the conciliatory ones" passed after 0.371 seconds.
✔ Test "A model that closes its own think block is not treated as truncated" passed after 0.372 seconds.
✔ Test "The ceiling notice describes what actually happened" passed after 0.372 seconds.
✔ Test "The characters built to escalate concede less readily than the ones built to soothe" passed after 0.374 seconds.
✔ Test "The ceiling accounts reasoning in roughly four-character tokens" passed after 0.374 seconds.
✔ Test "Thinking off is never cut off by a ceiling" passed after 0.581 seconds.
✔ Test "Other seats are named in a seat's system message, never itself as an other" passed after 0.581 seconds.
[ChatBots] Agent 1 could not read the attached image broken.png
✔ Test "The generation cap is monotone across every thinking mode" passed after 0.585 seconds.
✔ Test "A ceiling reached while thinking ends the turn with no answer and keeps the reasoning" passed after 0.585 seconds.
✔ Test "The research rules ask for method, labelling and revision" passed after 0.585 seconds.
✔ Test "Attachments count towards the context estimate" passed after 0.585 seconds.
✔ Test "The entertainment rules ask for conflict and refuse to wrap up" passed after 0.585 seconds.
✔ Test "The picker still offers the formats intake converts" passed after 0.585 seconds.
✔ Test "The two modes do not share their rules" passed after 0.585 seconds.
✔ Test "Every type the sniffer can return is one the API accepts" passed after 0.586 seconds.
✔ Test "Tool turns and thinking are kept out of the prompt log" passed after 0.587 seconds.
✔ Test "Entertainment is not told to cite, and research is" passed after 0.587 seconds.
✔ Test "The source material is data in the user turn, never the system message" passed after 0.587 seconds.
✔ Test "No attachments means no extra message" passed after 0.589 seconds.
✔ Test "The accepted list is exactly the documented types" passed after 0.589 seconds.
✔ Test "Attached text is given to the models, delimited and named" passed after 0.595 seconds.
✔ Test "A PNG is passed through byte-identical" passed after 0.595 seconds.
✔ Test "Prose in a section that is not a claim is not an unlabelled claim" passed after 0.599 seconds.
✔ Test "One labelled claim beside fifty bare assertions is not labelled" passed after 0.599 seconds.
✔ Test "A claim section with no labels at all is still not labelled" passed after 0.604 seconds.
✔ Test "The markdown says how many claims carry no label" passed after 0.609 seconds.
✔ Test "A report with no claims at all is not called labelled" passed after 0.610 seconds.
✔ Test "A persona changes only the seat's instructions, never the shared log" passed after 0.612 seconds.
✔ Test "The neutral persona adds nothing to the system message" passed after 0.618 seconds.
✔ Test "⌘0 lands exactly on 100%" passed after 0.627 seconds.
✔ Test "A seat's persona is stated in its own system message" passed after 0.627 seconds.
✔ Test "The other seat's persona never leaks into a prompt" passed after 0.635 seconds.
✔ Test "Stepping up moves to the next level and stops at the top" passed after 0.635 seconds.
✔ Test "Every level is a clean percentage once rounded for display" passed after 0.635 seconds.
✔ Test "Levels are strictly increasing between 85% and 200%" passed after 0.639 seconds.
✔ Test "A very long name is trimmed rather than pasted into the log" passed after 0.645 seconds.
✔ Test "Introduction names the topic and every participant" passed after 0.645 seconds.
✔ Test "Repeated stepping covers the whole range in both directions" passed after 0.646 seconds.
✔ Test "The two default seats ship with contrasting styles" passed after 0.645 seconds.
✔ Test "Stepping down moves to the previous level and stops at the bottom" passed after 0.646 seconds.
✔ Test "Settings keep the moderator across a restart, and tolerate an older payload" passed after 0.645 seconds.
✔ Test "The prompt names the moderator, and only when there is something to say" passed after 0.646 seconds.
✔ Test "A persona describes how the moderator's interjections read" passed after 0.646 seconds.
✔ Test "A name that is only whitespace is treated as no name" passed after 0.645 seconds.
✔ Test "A name alone is enough to be introduced" passed after 0.646 seconds.
✔ Test "MLXEngine: all three setters take effect when awaited on the concrete type" passed after 0.646 seconds.
✔ Test "OpenAIResponsesEngine: all three setters take effect when awaited on the concrete type" passed after 0.650 seconds.
✔ Test "An unconfigured moderator says nothing to the room" passed after 0.651 seconds.
✔ Test "The opening brief introduces the moderator" passed after 0.651 seconds.
✔ Test "A document cannot forge the app's fence" passed after 0.651 seconds.
✔ Test "A stub that leans on the protocol default still compiles and stays inert" passed after 0.651 seconds.
✔ Test "A crafted document is not system-role instruction" passed after 0.651 seconds.
✔ Test "A BMP is converted to a type the API accepts" passed after 0.654 seconds.
✔ Test "A crafted topic is not system-role instruction" passed after 0.651 seconds.
✔ Test "A TIFF is converted to a type the API accepts" passed after 0.654 seconds.
✔ Test "Defaults are a usable configuration" passed after 0.651 seconds.
✔ Test "Live changes move currentSpec and leave spec alone" passed after 0.651 seconds.
✔ Test "A payload from before a field existed still loads" passed after 0.651 seconds.
✔ Test "Reconciliation preserves what the user set on the seats it keeps" passed after 0.651 seconds.
✔ Test "A full round trip keeps every seat setting" passed after 0.651 seconds.
✔ Test "Every field is carried by encoding, including the sampler" passed after 0.651 seconds.
✔ Test "A document name cannot start a line of app text" passed after 0.651 seconds.
✔ Test "The other stop conditions are unchanged" passed after 0.651 seconds.
✔ Test "A chunk that reaches the ceiling is reported as reaching it" passed after 0.651 seconds.
✔ Test "A fresh seat reports its spec and is not loaded" passed after 0.651 seconds.
✔ Test "An ordinary round with tool calls still dispatches them" passed after 0.651 seconds.
✔ Test "An abandoned round never dispatches tools, whatever fragments arrived" passed after 0.651 seconds.
✔ Test "Unloading an unloaded seat reports idle" passed after 0.651 seconds.
✔ Test "A message cannot escape the page" passed after 0.651 seconds.
✔ Test "A report travels with the page rather than being left behind" passed after 0.651 seconds.
✔ Test "The page carries the question, the participants and every entry" passed after 0.651 seconds.
✔ Test "A stored roster is reconciled with what the app supports" passed after 0.651 seconds.
✔ Test "A new pacer starts from the measured rate, not the 40 cps default" passed after 0.651 seconds.
✔ Test "A short conversation opens fully, and a long one starts at the beginning" passed after 0.651 seconds.
✔ Test "A page with no topic still has a title" passed after 0.651 seconds.
✔ Test "With nothing measured the default rate is unchanged" passed after 0.651 seconds.
✔ Test "Blank values count as no key, not as an empty one" passed after 0.651 seconds.
✔ Test "The JSON island is valid JSON once the escaping is undone" passed after 0.651 seconds.
✔ Test "Engine state reports readiness only for ready" passed after 0.651 seconds.
✔ Test "A missing or unmeasurable rate leaves the pacer at its defaults" passed after 0.651 seconds.
✔ Test "The room is told search is available only when it is" passed after 0.651 seconds.
✔ Test "Surrounding whitespace is trimmed, because a pasted key carries it" passed after 0.651 seconds.
✔ Test "The file is used when the environment has nothing" passed after 0.651 seconds.
✔ Test "The environment variable wins over the file" passed after 0.651 seconds.
✔ Test "A fresh clone with neither source has no key" passed after 0.651 seconds.
✔ Test "Seeding starts at the ceiling a measured pacer converges to" passed after 0.651 seconds.
✔ Test "The variable name is the one the documentation tells people to use" passed after 0.651 seconds.
✔ Test "The page never inserts content as markup" passed after 0.651 seconds.
✔ Test "The methodological analysts are more skeptical than the advocate roles" passed after 0.651 seconds.
✔ Test "The moderator is told not to hold a position, unlike the analysts" passed after 0.651 seconds.
✔ Test "Unreadable data is reported rather than silently replaced" passed after 0.651 seconds.
✔ Test "The evidence standards are genuinely different, not restatements" passed after 0.651 seconds.
✔ Test "No key is compiled into the client" passed after 0.651 seconds.
✔ Test "Analyst directives require labelled claims, which is what makes a report usable" passed after 0.651 seconds.
✔ Test "A refusal is an answer, not a transport failure" passed after 0.651 seconds.
✔ Test "Garbage is reported as a decode failure, not a crash" passed after 0.651 seconds.
✔ Test "A message survives the round trip through both framings" passed after 0.651 seconds.
✔ Test "An event stream split mid-character reassembles" passed after 0.651 seconds.
✔ Test "An event round-trips, including a streamed fragment" passed after 0.651 seconds.
✔ Test "Every analyst states a method and an evidence standard" passed after 0.651 seconds.
✔ Test "A seat change carries only what was asked for" passed after 0.651 seconds.
✔ Test "Every request survives a round trip" passed after 0.651 seconds.
✔ Test "Encoding is stable, so a wire capture can be diffed" passed after 0.651 seconds.
✔ Test "The presets match the brief" passed after 0.650 seconds.
✔ Test "The replay controls are there and wired to something" passed after 0.651 seconds.
✔ Test "Today's date line is a time, yesterday says so, older says the day" passed after 0.650 seconds.
✔ Test "A change of speaker gets air and a new name" passed after 0.650 seconds.
✔ Test "A return to an earlier speaker is a new run" passed after 0.650 seconds.
✔ Test "Markdown is passed through as written, not converted" passed after 0.650 seconds.
✔ Test "Every turn kind maps to one of the three shapes" passed after 0.650 seconds.
✔ Test "Attachments keep only what the engine can actually use" passed after 0.652 seconds.
✔ Test "Flags line up with the rows they describe" passed after 0.650 seconds.
✔ Test "A custom duration scales the other limits to match" passed after 0.650 seconds.
✔ Test "The human's own messages never group together" passed after 0.650 seconds.
✔ Test "The size limit is enforced for real files" passed after 0.650 seconds.
✔ Test "A run from one speaker is named once and pictured once" passed after 0.650 seconds.
✔ Test "A large text file is shortened to fit, and says so" passed after 0.650 seconds.
✔ Test "An image is read as bytes and produces no text" passed after 0.650 seconds.
✔ Test "A date line only goes above the first message of a run" passed after 0.650 seconds.
✔ Test "A PDF with no text layer is reported as needing OCR" passed after 0.650 seconds.
✔ Test "The prompt tells the moderator it is organising, not adding" passed after 0.650 seconds.
✔ Test "A system line is its own group and never carries a date" passed after 0.650 seconds.
✔ Test "Several files are added, and one bad file does not discard the good ones" passed after 0.650 seconds.
✔ Test "Answer text containing an opening delimiter is preserved" passed after 0.650 seconds.
✔ Test "The prompt requires labels and forbids inventing findings" passed after 0.650 seconds.
✔ Test "A date line appears at the start and after a long silence" passed after 0.651 seconds.
✔ Test "A real PDF's text layer is extracted" passed after 0.651 seconds.
✔ Test "Unprimed stream consumes an explicit opening delimiter" passed after 0.650 seconds.
✔ Test "The prompt asks for every required section, by name" passed after 0.650 seconds.
✔ Test "Primed stream routes the thought, then the answer" passed after 0.650 seconds.
✔ Test "The transcript is included" passed after 0.650 seconds.
✔ Test "A model that never closes the thought keeps everything in reasoning" passed after 0.650 seconds.
✔ Test "A plain text file is read, including non-ASCII" passed after 0.650 seconds.
✔ Test "The property is monotone across every level" passed after 0.650 seconds.
✔ Test "The property and the engine helper are the same function" passed after 0.650 seconds.
✔ Test "Both seats share the requested preset by default" passed after 0.650 seconds.
✔ Test "Unlimited is never below high, whatever the context window" passed after 0.650 seconds.
✔ Test "Only off declines to think" passed after 0.650 seconds.
✔ Test "A delimiter split across chunks is not leaked as text" passed after 0.650 seconds.
✔ Test "The seat's thinking level can change without touching the model" passed after 0.650 seconds.
✔ Test "A forged moderator name cannot draw a second tag" passed after 0.650 seconds.
✔ Test "The hard generation cap is the answer budget plus the thinking ceiling" passed after 0.650 seconds.
✔ Test "A report survives a save and reload" passed after 0.650 seconds.
✔ Test "Off asks the template to disable thinking; the others leave it on" passed after 0.650 seconds.
✔ Test "Only fact and sourced count as reliable" passed after 0.650 seconds.
✔ Test "A report with no labels is reported as unlabelled rather than rejected" passed after 0.650 seconds.
✔ Test "A seat's display name cannot add a line to another seat's system message" passed after 0.650 seconds.
✔ Test "Prose with no headings is still kept as a summary" passed after 0.650 seconds.
✔ Test "Legitimate names are unchanged" passed after 0.650 seconds.
✔ Test "The app note is in the log, marked as not a message" passed after 0.650 seconds.
✔ Test "Markdown emphasis around a label is tolerated" passed after 0.650 seconds.
✔ Test "Missing sections are named, not quietly omitted" passed after 0.650 seconds.
✔ Test "Section headings are matched however the model words them" passed after 0.650 seconds.
✔ Test "The briefing's peer text is not in the system message" passed after 0.650 seconds.
✔ Test "The markdown carries the question, the budget and the reason it stopped" passed after 0.650 seconds.
✔ Test "A document is added with its text, name and size" passed after 0.650 seconds.
✔ Test "A file over the size limit is refused before it is read" passed after 0.650 seconds.
✔ Test "A research persona is found in the research library" passed after 0.650 seconds.
✔ Test "Labelled claims are read with their labels" passed after 0.650 seconds.
✔ Test "Budgets ascend from off to unlimited" passed after 0.650 seconds.
✔ Test "A forged seat name cannot forge a log tag" passed after 0.650 seconds.
✔ Test "A long document is shortened and says so" passed after 0.650 seconds.
✔ Test "A PDF with no text layer is reported as needing OCR, not as empty" passed after 0.650 seconds.
✔ Test "A quick command returns its status and output" passed after 0.654 seconds.
✔ Test "An empty document is refused rather than attached as nothing" passed after 0.650 seconds.
✔ Test "An image with no data is refused" passed after 0.650 seconds.
✔ Test "An unsupported extension is refused with a clear reason" passed after 0.650 seconds.
✔ Test "An entertainment persona is not substituted into a research briefing" passed after 0.651 seconds.
✔ Test "An image is added with its bytes and no text" passed after 0.650 seconds.
✔ Test "A rebuilt image reports its real size rather than zero bytes" passed after 0.650 seconds.
✔ Test "With no engine description the locally extracted figures are still used" passed after 0.650 seconds.
✔ Test "The data URL carries the real media type and base64 payload" passed after 0.650 seconds.
✔ Test "A research run does not describe the moderator as a reality-show character" passed after 0.650 seconds.
✔ Test "An image with no bytes reports nothing rather than an empty image" passed after 0.650 seconds.
✔ Test "The media type comes from the bytes, not the filename" passed after 0.650 seconds.
✔ Test "A document has no image media type" passed after 0.650 seconds.
✔ Test "An entertainment run still resolves an entertainment persona" passed after 0.651 seconds.
✔ Test "A host and port are accepted as they are" passed after 0.650 seconds.
✔ Test "The banner names every field the check measured" passed after 0.650 seconds.
✔ Test "A session that died after a refusal is reported" passed after 0.650 seconds.
✔ Test "Settings written before the fields existed still decode" passed after 0.650 seconds.
✔ Test "A command that did not take effect is a failure" passed after 0.650 seconds.
✔ Test "A check that connected and made its round trips succeeds" passed after 0.650 seconds.
✔ Test "The engine's figures survive the settings round-trip" passed after 0.650 seconds.
✔ Test "Success needs the connection, the round trips and no failure" passed after 0.650 seconds.
✔ Test "Anything that is not a host is refused rather than interpolated" passed after 0.650 seconds.
✔ Test "The event stream must deliver the initial state" passed after 0.650 seconds.
✔ Test "A refusal marks the check, and a missing one is reported" passed after 0.650 seconds.
✔ Test "Thinking off keeps a smaller floor, since nothing is being reasoned" passed after 0.650 seconds.
✔ Test "A state read that returned nothing is a failure" passed after 0.650 seconds.
✔ Test "A budget too small to be a deadline is floored at one millisecond" passed after 0.650 seconds.
✔ Test "A rebuilt document reports the engine's summary and token count, not zero" passed after 0.650 seconds.
✔ Test "The client's request budget is the check's own timeout" passed after 0.650 seconds.
✔ Test "A budget too large for the transport's field is clamped, not trapped" passed after 0.650 seconds.
✔ Test "The output ceiling leaves room for reasoning, which shares it" passed after 0.650 seconds.
✔ Test "A generous answer budget is not lowered" passed after 0.650 seconds.
✔ Test "Only a phone gets the single-column layout by default" passed after 0.650 seconds.
✔ Test "The environment override wins, and expands a tilde" passed after 0.651 seconds.
✔ Test "Every thinking level maps to an effort the server understands" passed after 0.650 seconds.
✔ Test "Asking for reasoning text also asks for the effort" passed after 0.650 seconds.
✔ Test "The effort is sent even when the reasoning text is not wanted" passed after 0.650 seconds.
✔ Test "Breakpoints put the narrowest tablet in one column" passed after 0.650 seconds.
✔ Test "More than 64 KB on both streams does not deadlock" passed after 0.655 seconds.
✔ Test "The private key is not world-readable" passed after 0.650 seconds.
✔ Test "The private key is in the encoding the transport accepts" passed after 0.650 seconds.
✔ Test "An identity is generated and is usable" passed after 0.650 seconds.
✔ Test "A stream ending mid-character drops the partial byte rather than emitting a replacement" passed after 0.650 seconds.
✔ Test "A real .rtf is converted to plain text" passed after 0.654 seconds.
✔ Test "A prompt carrying every script reaches the model unchanged" passed after 0.650 seconds.
✔ Test "Bytes cut mid-character lose the partial character, not the whole string" passed after 0.650 seconds.
✔ Test "Shortened text is still valid UTF-8 with no replacement characters" passed after 0.650 seconds.
✔ Test "Whole text decodes unchanged, and byte prefixes stay valid" passed after 0.650 seconds.
✔ Test "Whole chunks pass through the buffer untouched" passed after 0.650 seconds.
✔ Test "Text is released at the configured rate, not in one burst" passed after 0.650 seconds.
✔ Test "Shortening counts grapheme clusters, never splitting a character" passed after 0.650 seconds.
✔ Test "A character split across streaming chunks is reassembled, not replaced" passed after 0.650 seconds.
✔ Test "Clearing a seat drops only that seat's text" passed after 0.650 seconds.
✔ Test "A burst is absorbed: a large chunk is shown over many frames" passed after 0.650 seconds.
✔ Test "A long word without a boundary is released anyway rather than stalling" passed after 0.650 seconds.
✔ Test "The reveal rate follows the model's own throughput" passed after 0.650 seconds.
✔ Test "Resetting drops queued text" passed after 0.650 seconds.
✔ Test "Revealing stops on a word boundary so words do not appear letter by letter" passed after 0.650 seconds.
✔ Test "The reveal rate never exceeds the model's own rate" passed after 0.650 seconds.
✔ Test "Nothing is released before any time passes" passed after 0.650 seconds.
✔ Test "isDraining reports whether anything is still being revealed" passed after 0.650 seconds.
✔ Test "A steady queue is what makes the hand-off immediate" passed after 0.650 seconds.
✔ Test "Each seat and each channel is paced separately" passed after 0.650 seconds.
✔ Test "A slow model is tracked, not sped up to a comfortable reading rate" passed after 0.650 seconds.
✔ Test "Fractional remainders accumulate instead of being lost" passed after 0.650 seconds.
✔ Test "A seat reports the friendly name, whichever backend it uses" passed after 0.644 seconds.
✔ Test "DeepSeek models are called what DeepSeek calls them" passed after 0.642 seconds.
✔ Test "A server prefix does not change the name" passed after 0.642 seconds.
✔ Test "An unknown model is tidied up rather than shown raw" passed after 0.641 seconds.
✔ Test "The round's parameters mirror the turn's settings" passed after 0.641 seconds.
✔ Test "Other well-known families get their proper names" passed after 0.641 seconds.
✔ Test "A round with no info event still reports honest statistics" passed after 0.641 seconds.
✔ Test "Reasoning with no answer is reported as having spent the budget" passed after 0.640 seconds.
✔ Test "An index with none of its shards is not a usable checkpoint" passed after 0.640 seconds.
✔ Test "Fabricated tool syntax is stripped and the speaker tag removed" passed after 0.640 seconds.
✔ Test "A call for a tool the turn did not offer is refused, not run" passed after 0.640 seconds.
✔ Test "A tool round is framed as the template requires, and callable again" passed after 0.640 seconds.
✔ Test "Images ride on the last user entry of the first round only" passed after 0.640 seconds.
✔ Test "Tool rounds are bounded, whatever the model keeps asking for" passed after 0.640 seconds.
✔ Test "The reasoning ceiling ends the turn and fails it with no answer" passed after 0.640 seconds.
✔ Test "The reported stats come from the round's info event" passed after 0.640 seconds.
✔ Test "Prompt assembly sends the opening messages unchanged, in order" passed after 0.640 seconds.
✔ Test "A typed key with a trailing line ending is trimmed" passed after 0.639 seconds.
✔ Test "The host check trims line endings, as responsesURL already did" passed after 0.639 seconds.
✔ Test "The fallback is the same folder for the app and for the engine it starts" passed after 0.638 seconds.
✔ Test "With no checkout it writes outside the bundle, on a path a user can write" passed after 0.638 seconds.
✔ Test "A directory that merely contains models is not a checkout" passed after 0.638 seconds.
✔ Test "A checkout keeps its runtime state in .run, as it always has" passed after 0.638 seconds.
✔ Test "A blank typed key falls through instead of shadowing the built-in key" passed after 0.638 seconds.
✔ Test "The endpoint's model is what decides, not the local checkpoint's id" passed after 0.637 seconds.
✔ Test "DeepSeek's flash tier accepts images" passed after 0.637 seconds.
✔ Test "DeepSeek's pro tier is not offered images, because it cannot read them" passed after 0.637 seconds.
✔ Test "A local seat's answer comes from the checkpoint, not the name" passed after 0.637 seconds.
✔ Test "An explicit override beats the guess" passed after 0.637 seconds.
✔ Test "The body is appended after the blank line, with nothing lost" passed after 0.636 seconds.
✔ Test "A plain checkpoint id is not mistaken for a vision model by substring" passed after 0.637 seconds.
✔ Test "Every status the server uses has a reason phrase" passed after 0.636 seconds.
✔ Test "Content-Length counts bytes for multi-byte text" passed after 0.636 seconds.
✔ Test "Error responses carry a status and a message a client can show" passed after 0.636 seconds.
✔ Test "A whitespace-only typed key reads as absent, not as a key" passed after 0.640 seconds.
✔ Test "A value that is only a line ending counts as no key" passed after 0.636 seconds.
✔ Test "Both key paths agree about the same CRLF file" passed after 0.637 seconds.
✔ Test "A CRLF environment variable is normalised too" passed after 0.636 seconds.
✔ Test "The status line and length are correct" passed after 0.637 seconds.
✔ Test "Lone carriage returns and a missing final newline still parse" passed after 0.637 seconds.
✔ Test "A CRLF file yields values with no carriage return" passed after 0.636 seconds.
✔ Test "Images are distinguished from documents" passed after 0.636 seconds.
✔ Test "Extensions map to the right kind" passed after 0.636 seconds.
✔ Test "Each kind has a label and a symbol" passed after 0.636 seconds.
✔ Test "A single analyst named in the sentence is an attribution" passed after 0.636 seconds.
✔ Test "Prose after a dash is not read as a name" passed after 0.636 seconds.
✔ Test "A fully attributed report carries no traceability warning" passed after 0.636 seconds.
✔ Test "A trailing attribution names the analyst" passed after 0.636 seconds.
✔ Test "A claim attributed to somebody who was not in the room is named as such" passed after 0.636 seconds.
✔ Test "Other families that do see images are still recognised" passed after 0.637 seconds.
✔ Test "An unattributed claim is marked rather than silently kept" passed after 0.636 seconds.
✔ Test "With an image the input becomes content blocks carrying the image" passed after 0.635 seconds.
✔ Test "Two analysts in one sentence is left unattributed rather than guessed between" passed after 0.636 seconds.
✔ Test "Several images all travel with the one message" passed after 0.635 seconds.
✔ Test "The presence penalty is flipped to OpenAI's sign convention" passed after 0.635 seconds.
✔ Test "Compatibility is inferred from the URL, defaulting to permissive for localhost" passed after 0.635 seconds.
✔ Test "A real .docx is converted to plain text" passed after 0.657 seconds.
✔ Test "A report with no labels at all is not called traceable" passed after 0.635 seconds.
✔ Test "Reasoning is only requested when thinking is on" passed after 0.635 seconds.
✔ Test "Saved settings from before the compatibility field still decode" passed after 0.635 seconds.
✔ Test "A /v1 URL and a bare URL both resolve to one responses endpoint" passed after 0.635 seconds.
✔ Test "With no image the input stays a plain string" passed after 0.635 seconds.
✔ Test "A strict endpoint without a key is flagged before a request is attempted" passed after 0.635 seconds.
✔ Test "Quoted values survive CRLF and are unquoted" passed after 0.637 seconds.
✔ Test "An empty page adds nothing and is not truncation" passed after 0.634 seconds.
✔ Test "SSE lines are parsed only when they carry data" passed after 0.635 seconds.
✔ Test "The blank line between pages counts against the ceiling" passed after 0.634 seconds.
✔ Test "A CRLF file is split into its lines, comments included" passed after 0.637 seconds.
✔ Test "An extended endpoint also receives the local-only parameters" passed after 0.634 seconds.
✔ Test "A zero ceiling stores nothing rather than crashing" passed after 0.634 seconds.
✔ Test "Ending exactly on the ceiling is not truncation" passed after 0.634 seconds.
✔ Test "A page that would overflow the join is cut to fit" passed after 0.634 seconds.
✔ Test "A strict endpoint receives only parameters in OpenAI's schema" passed after 0.635 seconds.
✔ Test "The stored text never exceeds the ceiling over a run of pages" passed after 0.635 seconds.
✔ Test "Text past the ceiling is cut to the ceiling and reports truncation" passed after 0.633 seconds.
✔ Test "An override settles it for a model that cannot be recognised" passed after 0.633 seconds.
✔ Test "A local seat without vision weights is unsupported" passed after 0.633 seconds.
✔ Test "An unrecognised API model is unknown, so images are not offered" passed after 0.633 seconds.
✔ Test "A config with no vision tower is a definite no, not an unknown" passed after 0.633 seconds.
✔ Test "A stray delimiter or echoed speaker tag is removed from the answer" passed after 0.632 seconds.
✔ Test "Two pages at the ceiling are stored at the ceiling" passed after 0.632 seconds.
✔ Test "Statistics are derived from the info event" passed after 0.632 seconds.
✔ Test "A model is named through the table, or tidied up when it is unknown" passed after 0.632 seconds.
✔ Test "A finished turn reports at most the failures it earned, in order" passed after 0.632 seconds.
✔ Test "Recognised API model families are supported" passed after 0.632 seconds.
✔ Test "The tool round is framed as assistant calls, results, then a user turn" passed after 0.633 seconds.
✔ Test "The list covers iPads back eight years" passed after 0.632 seconds.
✔ Test "The capture set has one entry per distinct shape" passed after 0.632 seconds.
✔ Test "Identifiers are unique, so a profile is addressable" passed after 0.632 seconds.
✔ Test "The list covers the phones the brief asked for" passed after 0.632 seconds.
✔ Test "Every profile is usable and named" passed after 0.632 seconds.
✔ Test "The list reaches down to the narrowest screens in use" passed after 0.632 seconds.
✔ Test "A PDF that fits is not reported as shortened" passed after 0.635 seconds.
✔ Test "Identifiers are unique, so a stored seat always resolves to the same character" passed after 0.632 seconds.
✔ Test "The analyst library is the requested size and covers every group" passed after 0.632 seconds.
✔ Test "The entertainment cast is the requested size and covers every group" passed after 0.632 seconds.
✔ Test "A frame round-trips" passed after 0.632 seconds.
✔ Test "A truncated two-page PDF is stored within its ceiling" passed after 0.635 seconds.
✔ Test "Viewports are CSS points, not marketing resolutions" passed after 0.632 seconds.
✔ Test "The length is big-endian and precedes the payload" passed after 0.632 seconds.
✔ Test "The model's tool spec carries the provider's own description" passed after 0.631 seconds.
✔ Test "Every character and analyst produces a usable directive" passed after 0.632 seconds.
✔ Test "A message of exactly the limit is accepted" passed after 0.632 seconds.
✔ Test "Two frames in one buffer yield the first and the remainder" passed after 0.632 seconds.
✔ Test "The stop reason is reported as the template's own word" passed after 0.632 seconds.
✔ Test "An absurd length is refused rather than buffered" passed after 0.631 seconds.
✔ Test "A sender refuses a message over the cap rather than framing it" passed after 0.631 seconds.
✔ Test "A partial header is incomplete" passed after 0.631 seconds.
✔ Test "A message containing a newline survives, which is why length prefixes are used" passed after 0.631 seconds.
✔ Test "The scorecard is sorted by score and then by seat, so two readers see one order" passed after 0.631 seconds.
✔ Test "Only decodable images reach the engine" passed after 0.633 seconds.
✔ Test "An empty buffer is incomplete, not an error" passed after 0.631 seconds.
✔ Test "A partial payload is incomplete, and none of it is lost" passed after 0.632 seconds.
✔ Test "A seat with a positive score leads even when another has more votes" passed after 0.631 seconds.
✔ Test "The three size limits are derived from one place" passed after 0.632 seconds.
✔ Test "A vote can be withdrawn, so a mis-click is not reversed by its opposite" passed after 0.631 seconds.
✔ Test "A tie has no leader rather than an arbitrary winner" passed after 0.631 seconds.
✔ Test "A vote is recorded against the seat that spoke" passed after 0.631 seconds.
✔ Test "A checkpoint whose config declares a vision tower is read as yes" passed after 0.630 seconds.
✔ Test "Voting twice changes the vote rather than counting twice" passed after 0.631 seconds.
✔ Test "A fresh session is running" passed after 0.628 seconds.
✔ Test "One contribution that adds something resets the convergence count" passed after 0.628 seconds.
✔ Test "Reaching the search budget stops it" passed after 0.628 seconds.
✔ Test "Reaching the time budget stops it, without any rounds" passed after 0.628 seconds.
✔ Test "A deeper session tolerates more quiet turns before giving up" passed after 0.627 seconds.
✔ Test "A session survives a save and reload, keeping its clock and counters" passed after 0.627 seconds.
✔ Test "A run of contributions that add nothing is read as convergence" passed after 0.627 seconds.
✔ Test "The moderator can stop it, and a finished session does not restart" passed after 0.627 seconds.
✔ Test "Different starts give different names" passed after 0.628 seconds.
✔ Test "Reaching the round budget stops it" passed after 0.628 seconds.
✔ Test "The roster the app starts from is named" passed after 0.627 seconds.
✔ Test "A stopped session still counts as finished, so a report is written" passed after 0.628 seconds.
✔ Test "The seat ids are untouched, so the log and settings keep working" passed after 0.627 seconds.
✔ Test "One seat is named, and does not crash" passed after 0.627 seconds.
✔ Test "Agent 1 gets a female name and Agent 2 a male one" passed after 0.628 seconds.
✔ Test "A third and fourth seat keep their numbers" passed after 0.628 seconds.
✔ Test "The registry chooses the instance for an offered name" passed after 0.628 seconds.
✔ Test "A failing offered tool is reported to the model rather than thrown" passed after 0.628 seconds.
✔ Test "An offered tool runs" passed after 0.627 seconds.
✔ Test "A tool the caller did not offer is refused, even when the registry holds it" passed after 0.627 seconds.
✔ Test "An empty offer is empty, which is what suppresses the tool specs" passed after 0.627 seconds.
✔ Test "A caller-supplied tool runs even when the registry has never heard of it" passed after 0.627 seconds.
✔ Test "The status line reports progress while running and the reason once finished" passed after 0.627 seconds.
✔ Test "A name reaches the prompt, so the models use it" passed after 0.628 seconds.
✔ Test "The bytes sniffer does not recognise HEIC" passed after 0.635 seconds.
✔ Test "Offering one tool does not make another reachable" passed after 0.627 seconds.
✔ Test "A save refuses rather than overwriting a file it cannot decode" passed after 0.627 seconds.
✔ Test "A future-version record survives a second save" passed after 0.627 seconds.
✔ Test "Peacemaking lowers hostility and clears the grudge" passed after 0.626 seconds.
✔ Test "State decays, so one early exchange does not define the whole conversation" passed after 0.626 seconds.
✔ Test "A weak claim makes the others less willing to take that seat seriously" passed after 0.626 seconds.
✔ Test "Deleting one conversation keeps a future-version record" passed after 0.627 seconds.
✔ Test "Recent beats are bounded, because a conversation is endless" passed after 0.626 seconds.
✔ Test "A concession earns respect and drops the grudge" passed after 0.626 seconds.
✔ Test "The briefing carries no numbers" passed after 0.626 seconds.
✔ Test "A jab ends an alliance" passed after 0.626 seconds.
✔ Test "A count beyond the supported maximum is clamped, not crashed" passed after 0.626 seconds.
✔ Test "The briefing is terse and only reports what has moved" passed after 0.627 seconds.
✔ Test "Each generated seat gets its own style, so a roster is not four of a kind" passed after 0.626 seconds.
✔ Test "Three seats are tracked pairwise, so an alliance can exclude someone" passed after 0.626 seconds.
✔ Test "Agreement that is returned forms an alliance, and one gesture does not" passed after 0.627 seconds.
✔ Test "The same conversation read twice produces the same state" passed after 0.626 seconds.
✔ Test "Nobody is called the leader while the room is level" passed after 0.626 seconds.
✔ Test "Seats are generated with distinct ids, up to the supported maximum" passed after 0.626 seconds.
✔ Test "Seats have distinct sampling seeds, so identical weights do not converge" passed after 0.626 seconds.
✔ Test "State survives a save and reload, so a restarted app keeps the room" passed after 0.626 seconds.
✔ Test "A seat is told about all the other seats, and never about itself as an other" passed after 0.626 seconds.
✔ Test "A throwing body still releases the gate" passed after 0.626 seconds.
✔ Test "Exclusive access returns what the body returned" passed after 0.626 seconds.
✔ Test "A jab raises the target's hostility and creates a grudge" passed after 0.627 seconds.
✔ Test "Ordinary prose is not flagged" passed after 0.626 seconds.
✔ Test "Each seat can be pointed at a different checkpoint" passed after 0.626 seconds.
✔ Test "The introduction names every participant of a four-seat roster" passed after 0.626 seconds.
✔ Test "Short output is never judged" passed after 0.626 seconds.
✔ Test "Ordinary prose that mentions a tool name is untouched" passed after 0.625 seconds.
✔ Test "Fabricated tool markers and query lines are dropped" passed after 0.625 seconds.
✔ Test "A clean answer is returned unchanged" passed after 0.625 seconds.
✔ Test "Text that merely reuses common words is not flagged" passed after 0.625 seconds.
✔ Test "A key the user typed always wins" passed after 0.625 seconds.
✔ Test "A strict endpoint with no key is still reported as missing one" passed after 0.625 seconds.
✔ Test "A repeating phrase is caught" passed after 0.626 seconds.
✔ Test "The environment can override it, on a machine that sets one" passed after 0.625 seconds.
✔ Test "A missing secrets file is not an error" passed after 0.625 seconds.
✔ Test "An empty stored key falls back rather than being sent as blank" passed after 0.625 seconds.
✔ Test "A very short name is not matched, because it would hit at random" passed after 0.625 seconds.
✔ Test "The key survives a settings round trip without being written in" passed after 0.625 seconds.
✔ Test "A sourced claim is not read as unsupported" passed after 0.625 seconds.
✔ Test "An apology is read as reconciliation" passed after 0.624 seconds.
✔ Test "A personal attack is a jab; an attack on an argument is a challenge" passed after 0.624 seconds.
✔ Test "The key is read from the gitignored file, not from the source" passed after 0.624 seconds.
✔ Test "A grudge can name what was said" passed after 0.624 seconds.
✔ Test "Confident assertion with nothing behind it is read as unsupported" passed after 0.624 seconds.
✔ Test "A name is only matched on a word boundary" passed after 0.624 seconds.
✔ Test "Hedging prevents a claim being read as overconfident" passed after 0.624 seconds.
✔ Test "Agreement is read, and is distinct from conceding" passed after 0.624 seconds.
✔ Test "No name appears in both lists, or twice in one" passed after 0.624 seconds.
✔ Test "Names are non-empty, single-line, and not marked up" passed after 0.624 seconds.
✔ Test "The languages the brief asked for" passed after 0.624 seconds.
✔ Test "Accents and non-ASCII names survive" passed after 0.624 seconds.
✔ Test "All six languages are present, each with both lists" passed after 0.624 seconds.
✔ Test "Attachments survive the context estimate being computed" passed after 0.670 seconds.
✔ Test "An ordinary message is still silent" passed after 0.621 seconds.
✔ Test "A contradiction held up is read" passed after 0.625 seconds.
✔ Test "The key is not sent anywhere else" passed after 0.619 seconds.
✔ Test "A concession moves the speaker's position too" passed after 0.619 seconds.
✔ Test "The transcript is between the two fences" passed after 0.619 seconds.
✔ Test "A response that does not follow the format is still honest about it" passed after 0.619 seconds.
✔ Test "The convergence claim says what the app can actually detect" passed after 0.620 seconds.
✔ Test "A response consisting only of an echo yields nothing rather than the echo" passed after 0.619 seconds.
✔ Test "The rules are stated again after the transcript" passed after 0.619 seconds.
✔ Test "An echoed fenced region is not parsed as report content" passed after 0.619 seconds.
✔ Test "A fence forged inside the transcript is neutralised" passed after 0.619 seconds.
✔ Test "The page references only assets that exist" passed after 0.619 seconds.
✔ Test "fencedTranscript removes the token the boundary is made of" passed after 0.619 seconds.
✔ Test "An ordinary message produces no signals at all" passed after 0.625 seconds.
✔ Test "Explicit self-revision is a position change" passed after 0.620 seconds.
✔ Test "The page and its assets are served, at the paths the page asks for" passed after 0.618 seconds.
✔ Test "An explicit concession is read" passed after 0.625 seconds.
✔ Test "Every message appears exactly once, merged in one log" passed after 0.617 seconds.
✔ Test "Messages are in chronological order" passed after 0.617 seconds.
✔ Test "Each message is stamped and attributed" passed after 0.618 seconds.
✔ Test "A condensation is recorded as replacing the history" passed after 0.616 seconds.
✔ Test "A multi-line message stays one entry" passed after 0.616 seconds.
✔ Test "An empty conversation still produces a readable file" passed after 0.616 seconds.
✔ Test "An empty topic still yields a filename" passed after 0.616 seconds.
✔ Test "The setup brief is left out; it is not something anyone said" passed after 0.616 seconds.
✔ Test "Tool traffic is kept, since it is part of what happened" passed after 0.615 seconds.
✔ Test "A very long topic does not produce an unusable filename" passed after 0.615 seconds.
✔ Test "The format does not follow the machine's region" passed after 0.615 seconds.
✔ Test "Timestamps use the requested format" passed after 0.615 seconds.
✔ Test "Every category has at least one style, so no menu section is empty" passed after 0.615 seconds.
✔ Test "The library offers at least 25 selectable styles" passed after 0.615 seconds.
✔ Test "Ids and names are unique, and every style is usable" passed after 0.615 seconds.
✔ Test "An unknown id resolves to neutral rather than failing" passed after 0.615 seconds.
✔ Test "The condensation prompt carries the transcript, the topic and the prior digest" passed after 0.615 seconds.
✔ Test "A digest is rendered into later prompts so the models keep the thread" passed after 0.615 seconds.
✔ Test "Neutral imposes no directive" passed after 0.616 seconds.
✔ Test "An unknown path is not served as an asset" passed after 0.615 seconds.
✔ Test "The header names the topic and the participants" passed after 0.619 seconds.
✔ Test "The suggested filename is usable and carries the topic and a timestamp" passed after 0.615 seconds.
✔ Test "A budget can be chosen before the run" passed after 0.670 seconds.
✔ Test "A research seat is not, because the modes do not share a philosophy" passed after 0.615 seconds.
✔ Test "The export is valid UTF-8 that round-trips" passed after 0.617 seconds.
✔ Test "An entertainment seat is told how the room stands" passed after 0.615 seconds.
✔ Test "A trailing newline leaves nothing pending" passed after 0.614 seconds.
✔ Test "Nothing complete means nothing emitted" passed after 0.614 seconds.
✔ Test "An empty line is skipped rather than decoded" passed after 0.614 seconds.
✔ Test "Every complete line is returned and the partial tail is kept" passed after 0.614 seconds.
✔ Test "An entertainment prompt with a social history is template-compatible" passed after 0.614 seconds.
✔ Test "Both extra sections at once still produce one system message" passed after 0.614 seconds.
✔ Test "A research prompt carries no social state" passed after 0.614 seconds.
✔ Test "The page is UTF-8 and declares it" passed after 0.616 seconds.
✔ Test "The last message is the ask, from the user" passed after 0.614 seconds.
✔ Test "A research prompt with source material is template-compatible" passed after 0.614 seconds.
✔ Test "An entertainment prompt with source material is template-compatible" passed after 0.614 seconds.
✔ Test "Steering appended while generating keeps the shape" passed after 0.614 seconds.
✔ Test "The session starts with the configured budget" passed after 0.670 seconds.
✔ Test "An identifier from the other library resolves to that mode's default, not to nothing" passed after 0.610 seconds.
✔ Test "A plain entertainment prompt is template-compatible" passed after 0.614 seconds.
✔ Test "Defaults are distinct, so a fresh session is not several identical seats" passed after 0.609 seconds.
✔ Test "A neutral conversation adds no social section" passed after 0.611 seconds.
✔ Test "Each mode offers its own library plus the shared styles" passed after 0.610 seconds.
✔ Test "Tablets are matched as tablets, not as large phones" passed after 0.609 seconds.
✔ Test "A device unlike anything listed resolves to nothing, so width rules take over" passed after 0.609 seconds.
✔ Test "A wide screen is treated as a desktop" passed after 0.609 seconds.
✔ Test "Research defaults start with the moderator and include a challenger" passed after 0.610 seconds.
✔ Test "A near miss resolves to the closest device of the same class" passed after 0.609 seconds.
✔ Test "The live header renders the seat's name as text, never as markup" passed after 0.609 seconds.
✔ Test "A desktop is not matched against phones, however narrow the window" passed after 0.609 seconds.
✔ Test "An exact match is returned as itself" passed after 0.609 seconds.
✔ Test "The checkout this test reads is the one it was compiled in" passed after 0.608 seconds.
✔ Test "Every embedded asset is byte-for-byte the file it is generated from" passed after 0.609 seconds.
✔ Test "Entertainment is endless and research is not" passed after 0.607 seconds.
✔ Test "A seat built with one engine answers on either backend" passed after 0.669 seconds.
✔ Test "A converted upload's staging directory is removed" passed after 0.669 seconds.
✔ Test "The roster size can be raised by environment override" passed after 0.327 seconds.
✔ Test "A bad or oversized override falls back safely" passed after 0.327 seconds.
✔ Test "The shipping roster is two seats" passed after 0.327 seconds.
✔ Suite "Saved conversations" passed after 0.681 seconds.
✔ Suite "HTTP parsing" passed after 0.681 seconds.
✔ Suite "Compaction budget (A42)" passed after 0.681 seconds.
✔ Test "A text-only API model is not sent images, even if files were added" passed after 0.501 seconds.
✔ Suite "Characters differ by temperament" passed after 0.681 seconds.
✔ Suite "Reasoning ceiling (A43)" passed after 0.681 seconds.
✔ Test "Stop ends the loop and leaves loaded weights alone" passed after 0.677 seconds.
✔ Test "Four seats each keep their own persona" passed after 0.665 seconds.
✔ Test "Every seat is described to the others, not just the pair" passed after 0.665 seconds.
✔ Test "A research mode brings a session, and leaving it drops the budget" passed after 0.653 seconds.
✔ Test "Personas that suit either mode are kept when the mode changes" passed after 0.653 seconds.
✔ Test "Switching to research reseats every persona, because the libraries differ" passed after 0.652 seconds.
✔ Test "An id that names nothing is refused, as is one that is not an id" passed after 0.651 seconds.
✔ Suite "Mode changes the instructions, not just the persona" passed after 0.682 seconds.
✔ Suite "BMP and TIFF are converted, not sent as undocumented types (audit A101)" passed after 0.682 seconds.
✔ Test "With neither window set, the shared default is used" passed after 0.645 seconds.
✔ Suite "Unlabelled claims are counted against the report (A72)" passed after 0.682 seconds.
✔ Suite "Persona in the prompt" passed after 0.682 seconds.
✔ Suite "Text size steps" passed after 0.682 seconds.
✔ Test "A blank name is refused rather than leaving a seat unnamed" passed after 0.635 seconds.
✔ Test "The mode is refused once the conversation has started" passed after 0.636 seconds.
✔ Suite "Setters awaited on the concrete engine type" passed after 0.683 seconds.
✔ Suite "The topic and source material are user-role data (A103)" passed after 0.683 seconds.
✔ Test "A topic is refused once the conversation has started, as a refusal not an error" passed after 0.636 seconds.
✔ Suite "User settings" passed after 0.683 seconds.
✔ Suite "A ceiling-abandoned round ends the turn (A91)" passed after 0.683 seconds.
✔ Suite "Pacer seeding from the learned rate" passed after 0.683 seconds.
✔ Suite "Tavily key resolution" passed after 0.683 seconds.
✔ Suite "A shared conversation page" passed after 0.683 seconds.
✔ Suite "Analysts differ by method, not by temperament" passed after 0.683 seconds.
✔ Suite "Research budget" passed after 0.683 seconds.
✔ Suite "Protocol messages" passed after 0.683 seconds.
✔ Suite "Real extractors" passed after 0.683 seconds.
✔ Suite "The synthesis instruction" passed after 0.683 seconds.
✔ Suite "ThinkingStripper" passed after 0.683 seconds.
✔ Suite "The generation cap agrees with the engine (A90)" passed after 0.683 seconds.
✔ Suite "Grouping a thread" passed after 0.683 seconds.
✔ Suite "ThinkingMode" passed after 0.683 seconds.
✔ Suite "The research report" passed after 0.683 seconds.
✔ Suite "Adding documents" passed after 0.683 seconds.
✔ Suite "Peer text stays out of the system role (A69)" passed after 0.683 seconds.
✔ Suite "The moderator's brief uses the room's own mode (A70)" passed after 0.683 seconds.
✔ Suite "Image attachments" passed after 0.683 seconds.
✔ Suite "A share link is built from a host that may be reflected (A99)" passed after 0.683 seconds.
✔ Suite "The transport check's report (A02)" passed after 0.683 seconds.
✔ Suite "Responses API requests" passed after 0.683 seconds.
✔ Suite "Attachment summary from the engine" passed after 0.683 seconds.
✔ Suite "The transport check obeys its timeout (A122)" passed after 0.683 seconds.
✔ Suite "What the interface branches on" passed after 0.683 seconds.
✔ Suite "Stream pacing" passed after 0.683 seconds.
✔ Suite "Model names" passed after 0.683 seconds.
✔ Suite "The turn loop runs on a stubbed model (A02)" passed after 0.683 seconds.
✔ Suite "A typed key is normalised like every other key (audit A106)" passed after 0.683 seconds.
✔ Suite "Run directory" passed after 0.683 seconds.
✔ Suite "Vision capability" passed after 0.683 seconds.
✔ Suite "HTTP responses" passed after 0.683 seconds.
✔ Suite "A key read from a CRLF file is usable (audit A55)" passed after 0.683 seconds.
✔ Suite "File kinds" passed after 0.683 seconds.
✔ Suite "A report's claims can be traced to an analyst" passed after 0.684 seconds.
✔ Suite "Images in the API request" passed after 0.684 seconds.
✔ Suite "OpenAI Responses request" passed after 0.683 seconds.
✔ Suite "A PDF's text ceiling means what it says (audit A58)" passed after 0.683 seconds.
✔ Suite "Vision support" passed after 0.684 seconds.
✔ Test "Steering with text is accepted and reaches the engine" passed after 0.638 seconds.
✔ Suite "Turn-loop rules without a model (A02)" passed after 0.684 seconds.
✔ Suite "Device profiles" passed after 0.683 seconds.
✔ Suite "Entertainment cast" passed after 0.683 seconds.
✔ Suite "The audience's scorecard" passed after 0.683 seconds.
✔ Suite "Assigning names at startup" passed after 0.683 seconds.
✔ Suite "A turn runs only the tools its caller offered (audit A104)" passed after 0.683 seconds.
✔ Suite "A save preserves what it cannot read" passed after 0.683 seconds.
✔ Suite "When a research session stops" passed after 0.683 seconds.
✔ Suite "RepetitionDetector" passed after 0.683 seconds.
✔ Suite "Conflict state" passed after 0.683 seconds.
✔ Suite "Fabricated tool syntax" passed after 0.683 seconds.
✔ Suite "Built-in keys" passed after 0.683 seconds.
✔ Suite "Reading a turn" passed after 0.684 seconds.
✔ Suite "Name lists" passed after 0.683 seconds.
✔ Test "Reset returns the engine to a fresh conversation" passed after 0.639 seconds.
✔ Suite "A revision is read as a position change (A71)" passed after 0.683 seconds.
✔ Suite "The synthesis prompt draws a boundary (A68)" passed after 0.683 seconds.
✔ Suite "Web assets" passed after 0.683 seconds.
✔ Suite "PersonaLibrary" passed after 0.683 seconds.
✔ Suite "Transcript export" passed after 0.683 seconds.
✔ Suite "Social state in the prompt" passed after 0.683 seconds.
✔ Suite "Newline framing" passed after 0.683 seconds.
✔ Suite "Prompt shape" passed after 0.683 seconds.
✔ Suite "Mode resolution" passed after 0.683 seconds.
✔ Suite "Resolving an unknown screen" passed after 0.683 seconds.
✔ Suite "Embedded web assets" passed after 0.683 seconds.
✔ Suite "An unloaded seat still behaves (A02)" passed after 0.686 seconds.
✔ Suite "Seat roster configuration" passed after 0.682 seconds.
✔ Suite "Vision capability decides whether images are sent" passed after 0.683 seconds.
✔ Test "A removable attachment can be removed by id, and an unknown id is harmless" passed after 0.640 seconds.
◇ Test "A models folder beside the running bundle is preferred over the working directory" started.
◇ Test "An index missing one of its shards is not a usable checkpoint" started.
◇ Test "A HEIC photo is converted to a format the API accepts" started.
◇ Test "A conversion that throws still returns its refusal and is cleaned up" started.
✔ Test "A models folder beside the running bundle is preferred over the working directory" passed after 0.002 seconds.
✔ Test "An index missing one of its shards is not a usable checkpoint" passed after 0.002 seconds.
✔ Test "A topic can be set before the conversation starts" passed after 0.642 seconds.
◇ Test "With nothing on disk yet, it names a folder a download can create — outside the bundle" started.
◇ Test "An index with every shard beside it is a usable checkpoint" started.
✔ Test "With nothing on disk yet, it names a folder a download can create — outside the bundle" passed after 0.002 seconds.
✔ Test "An index with every shard beside it is a usable checkpoint" passed after 0.002 seconds.
✔ Test "Every field of a seat change is applied" passed after 0.645 seconds.
◇ Test "A complete flat checkpoint is found by repo id or by bare name" started.
◇ Test "An index that cannot be read proves nothing" started.
✔ Test "A complete flat checkpoint is found by repo id or by bare name" passed after 0.003 seconds.
✔ Test "An index that cannot be read proves nothing" passed after 0.003 seconds.
◇ Test "A partial download is not mistaken for a usable checkpoint" started.
◇ Test "An index naming a shard outside the directory is not complete" started.
✔ Test "A partial download is not mistaken for a usable checkpoint" passed after 0.003 seconds.
✔ Test "An index naming a shard outside the directory is not complete" passed after 0.003 seconds.
◇ Test "A sharded checkpoint counts as complete only with its shards" started.
◇ Test "A single-blob checkpoint is still complete without an index" started.
✔ Test "A sharded checkpoint counts as complete only with its shards" passed after 0.002 seconds.
✔ Test "A single-blob checkpoint is still complete without an index" passed after 0.002 seconds.
✔ Suite "A sharded checkpoint is complete only with its shards" passed after 0.702 seconds.
◇ Test "An unknown model id resolves to nothing rather than a wrong directory" started.
✔ Test "An unknown model id resolves to nothing rather than a wrong directory" passed after 0.002 seconds.
◇ Test "The available checkpoints list is complete and sorted" started.
✔ Test "The available checkpoints list is complete and sorted" passed after 0.005 seconds.
◇ Test "prepare() creates the folder and points the hub cache at it" started.
✔ Test "prepare() creates the folder and points the hub cache at it" passed after 0.004 seconds.
✔ Test "Start, pause, resume and stop are all accepted and change the status" passed after 0.670 seconds.
◇ Test "prepare() does not override an explicitly set hub cache" started.
✔ Test "prepare() does not override an explicitly set hub cache" passed after 0.001 seconds.
✔ Suite "ModelStore" passed after 0.717 seconds.
✔ Test "Two exclusive bodies never overlap" passed after 0.671 seconds.
✔ Suite "The MLX gate serialises access (A02)" passed after 0.718 seconds.
✔ Test "A snapshot carries the personas the picker needs" passed after 0.674 seconds.
✔ Test "Steering with empty text is refused" passed after 0.674 seconds.
✔ Test "An empty topic is refused rather than blanking the question" passed after 0.679 seconds.
✔ Test "A seat change alters only the fields it names" passed after 0.686 seconds.
✔ Test "fetchReport refuses politely before a session has run" passed after 0.686 seconds.
✔ Test "fetchState returns the current state" passed after 0.688 seconds.
✔ Test "The research budget is set from the service" passed after 0.701 seconds.
✔ Test "The reasoning preference is held by the service" passed after 0.705 seconds.
✔ Test "An unknown seat is refused rather than silently ignored" passed after 0.705 seconds.
✔ Test "Attachments can be cleared" passed after 0.716 seconds.
✔ Test "The mode switches and reseats the personas" passed after 0.716 seconds.
✔ Test "Scenarios are listed per mode" passed after 0.719 seconds.
✔ Test "An unknown scenario is refused" passed after 0.720 seconds.
✔ Test "Applying a scenario clears a topic that was already there" passed after 0.744 seconds.
✔ Test "Applying a scenario sets the question, the mode and the panel together" passed after 0.756 seconds.
✔ Test "A HEIC photo is converted to a format the API accepts" passed after 0.143 seconds.
◇ Test "A photo's EXIF orientation is applied by the conversion" started.
✔ Test "The same identity comes back on the next load, which is what pinning needs" passed after 0.840 seconds.
✔ Test "A photo's EXIF orientation is applied by the conversion" passed after 0.038 seconds.
◇ Test "An image already in a supported format is passed through untouched" started.
✔ Test "An image already in a supported format is passed through untouched" passed after 0.001 seconds.
◇ Test "An image that cannot be decoded is refused with its name" started.
✔ Test "An image that cannot be decoded is refused with its name" passed after 0.001 seconds.
✔ Suite "An image intake can convert" passed after 0.870 seconds.
✔ Test "A partial identity on disk is regenerated rather than half-used" passed after 0.875 seconds.
✔ Test "Two separate stores have different identities" passed after 0.885 seconds.
✔ Suite "Engine certificate" passed after 0.900 seconds.
✔ Test "Applying a line-up sets the seats and says what it did" passed after 0.747 seconds.
✔ Test "An unknown line-up is refused rather than quietly doing nothing" passed after 0.747 seconds.
✔ Test "A random line-up reports the seed it used" passed after 0.763 seconds.
✔ Test "The libraries are listed per mode, not merged" passed after 0.765 seconds.
✔ Test "An attachment at the engine's own size limit fits the wire cap" passed after 0.931 seconds.
✔ Suite "Length-prefixed framing" passed after 0.969 seconds.
✔ Test "A relative traversal filename cannot write outside the staging directory" passed after 0.932 seconds.
◇ Test "The traversal from the audit is contained too" started.
✔ Test "An attachment with a name that is not a document is refused, not crashed on" passed after 0.961 seconds.
✔ Suite "Engine service" passed after 1.007 seconds.
✔ Test "The reply accessors the front ends use agree with the wire format" passed after 1.031 seconds.
✔ Test "The engine stamps a strictly increasing revision on every snapshot" passed after 1.029 seconds.
✔ Test "Two snapshots in the same second are ordered by revision" passed after 1.029 seconds.
✔ Test "The revision survives the protocol codec" passed after 1.029 seconds.
✔ Test "A backwards clock step does not make a newer snapshot look stale" passed after 1.029 seconds.
✔ Test "An engine that sends no revision falls back to the clock" passed after 1.029 seconds.
✔ Test "A reworded assignment still counts from one seat" passed after 1.028 seconds.
✔ Test "A percentage sign only states a magnitude when a number is attached" passed after 1.028 seconds.
✔ Test "The unaddressed-subject rule is the one marked, and only when it fires" passed after 1.028 seconds.
✔ Test "A marker that begins a word still matches, including as a stem" passed after 1.028 seconds.
✔ Test "A stored transcript without the marker still reads through the old wording" passed after 1.028 seconds.
✔ Test "A marker inside a longer word is not a match" passed after 1.028 seconds.
✔ Test "A payload from an engine that predates the field still decodes" passed after 1.028 seconds.
✔ Test "An assignment that is not the unaddressed one carries no marker" passed after 1.028 seconds.
✔ Suite "A subject is named by a word, not by a fragment of one" passed after 1.041 seconds.
✔ Suite "Snapshot ordering uses a monotonic revision (A110)" passed after 1.041 seconds.
✔ Test "A conflict direction does not become single-seat coverage" passed after 1.030 seconds.
✔ Test "A body that is not JSON is an error, not an empty list" passed after 1.029 seconds.
✔ Test "A valid model list is read" passed after 1.029 seconds.
✔ Test "A body of the wrong shape is an error, not an empty list" passed after 1.029 seconds.
✔ Test "An entry without an id is dropped rather than faked" passed after 1.029 seconds.
✔ Test "An empty model list is empty, not an error" passed after 1.029 seconds.
✔ Test "Once someone else takes the question up, the gap stops being reissued" passed after 1.028 seconds.
✔ Suite "A directed assignment is carried structurally (A105)" passed after 1.043 seconds.
✔ Test "A challenge is paired with the claim it answered, as a conflict" passed after 1.028 seconds.
✔ Test "A conflict the room has since worked on stops being pursued" passed after 1.028 seconds.
✔ Test "Coverage is the room's engagement, not one seat's mention" passed after 1.028 seconds.
✔ Test "Only the analysts are counted, never the moderator" passed after 1.028 seconds.
✔ Test "Agreement settles a question unless it is reopened afterwards" passed after 1.028 seconds.
✔ Test "A research line-up with no declared roles is still read, rather than ignored" passed after 1.028 seconds.
✔ Test "A claim with nothing behind it is flagged, and named by what it claimed" passed after 1.028 seconds.
✔ Test "An entertainment transcript produces no research state at all" passed after 1.028 seconds.
✔ Test "A hit is only blank when it has neither title nor content" passed after 1.026 seconds.
✔ Test "One usable hit among blanks is used, not retried" passed after 1.026 seconds.
✔ Test "Four seats are supported and built" passed after 1.027 seconds.
✔ Test "A saved conversation keeps the marker" passed after 1.028 seconds.
✔ Test "A claim with no basis is sent to the analyst whose method can check it" passed after 1.026 seconds.
✔ Test "An empty response retries at basic and stops at advanced" passed after 1.026 seconds.
✔ Test "An analyst who has barely been heard from gets the floor" passed after 1.023 seconds.
✔ Test "The analyst who just spoke is not asked to answer themselves" passed after 1.024 seconds.
✔ Test "Nobody is directed when the room is level and everything is covered" passed after 1.024 seconds.
✔ Test "The moderator is never assigned analytical work" passed after 1.025 seconds.
✔ Test "An unanswered sub-question is directed at the analyst equipped for it" passed after 1.023 seconds.
✔ Test "A conflict is sent to someone who can settle it, and named" passed after 1.022 seconds.
✔ Test "Blank hits are removed before the retry is decided" passed after 1.024 seconds.
✔ Test "A response that renders nothing gets a policy that loads nothing" passed after 1.010 seconds.
✔ Test "The interface policy has no inline grant" passed after 1.010 seconds.
✔ Test "One seat naming all ten subjects with a basis covers none of them" passed after 1.004 seconds.
✔ Test "Answering the moderator's own assignment is coverage from one seat" passed after 1.004 seconds.
✔ Test "A response can replace the policy for a page that needs inline markup" passed after 1.010 seconds.
✔ Test "Every serialised response carries nosniff, a referrer policy and frame denial" passed after 1.009 seconds.
✔ Test "A sourced mention is coverage only once the room has engaged" passed after 0.998 seconds.
✔ Test "A second seat taking the subject up is coverage" passed after 1.004 seconds.
✔ Test "A room that has taken every subject up has nothing outstanding" passed after 1.004 seconds.
✔ Test "An unsourced paragraph that names every subject covers none of them" passed after 0.998 seconds.
✔ Test "The director still points the room at the subjects a single seat raised" passed after 1.004 seconds.
✔ Test "The answered reason no longer claims the subjects were answered" passed after 0.998 seconds.
✔ Suite "Reading an investigation from its transcript" passed after 1.043 seconds.
✔ Suite "The assignment marker survives storage (A105)" passed after 1.043 seconds.
✔ Suite "Coverage requires the room's engagement (A95)" passed after 1.042 seconds.
✔ Suite "Coverage requires a basis" passed after 1.042 seconds.
✔ Suite "The moderator deciding what the investigation needs" passed after 1.043 seconds.
✔ Test "Start is refused without a topic" passed after 1.040 seconds.
✔ Test "A conversion that throws still returns its refusal and is cleaned up" passed after 0.361 seconds.
✔ Suite "A staged upload leaves nothing behind" passed after 1.049 seconds.
✔ Test "Every scenario is complete, and points at a line-up that exists" passed after 1.022 seconds.
✔ Test "The tightened rule moves coverage: two bare statistics claims are not coverage" passed after 1.017 seconds.
✔ Test "A word that merely contains a marker is not a basis" passed after 1.017 seconds.
✔ Test "A scenario draw is reproducible and comes from the right mode" passed after 1.022 seconds.
✔ Test "A real marker still counts, including its inflections" passed after 1.017 seconds.
✔ Suite "A basis marker is a whole word (A97)" passed after 1.073 seconds.
✔ Test "A marker inside a longer word scores nothing" passed after 1.014 seconds.
✔ Test "A stem still matches the word it begins" passed after 1.014 seconds.
✔ Test "Two live conflicts resolve to the earlier sub-question, not a dictionary pick" passed after 1.013 seconds.
✔ Test "A settled conflict is passed over for the next one in order" passed after 1.013 seconds.
✔ Test "A real word still scores" passed after 1.014 seconds.
✔ Test "The same state directs the same way however the conflicts were collected" passed after 1.013 seconds.
✔ Suite "The director's conflict choice is ordered (A74)" passed after 1.076 seconds.
✔ Suite "Affinity matches words, not fragments (A96)" passed after 1.077 seconds.
✔ Test "A paragraph that asserts and gives no basis anywhere is flagged" passed after 1.010 seconds.
✔ Test "Coverage is the subjects the room took up, not one seat's prose" passed after 1.009 seconds.
✔ Test "A sourced sentence shelters an unsupported one beside it, which is a known limit" passed after 1.009 seconds.
✔ Test "Criticism that is not phrased as disagreement is read as coverage, not conflict" passed after 1.018 seconds.
✔ Test "No preset is longer than the seats the engine supports" passed after 0.912 seconds.
✔ Test "A draw seats nobody twice, and never more than the room holds" passed after 0.912 seconds.
✔ Test "The moderator asks the legal analyst the question nobody has touched" passed after 1.019 seconds.
✔ Test "Every preset names personas that exist in its own mode" passed after 0.912 seconds.
✔ Test "A draw is reproducible from its seed" passed after 0.912 seconds.
✔ Test "A draw never picks a communication style as a participant" passed after 0.912 seconds.
✔ Test "Different seeds give different rooms" passed after 0.912 seconds.
✔ Suite "Reading a realistic investigation" passed after 1.087 seconds.
✔ Test "The traversal from the audit is contained too" passed after 0.124 seconds.
◇ Test "An absolute filename is contained" started.
✔ Test "A client is told where to build a share link" passed after 1.111 seconds.
✔ Test "A read the audit names carries no cross-origin grant" passed after 1.107 seconds.
✔ Test "A cross-origin write is not preflighted into succeeding" passed after 1.107 seconds.
✔ Test "The missing-link page keeps its inline style and no script grant" passed after 1.085 seconds.
✔ Test "The API carries the policy too, with nothing to load" passed after 1.085 seconds.
✔ Test "The interface is served with the strict policy" passed after 1.085 seconds.
✔ Test "Opening something that is not there is refused, not answered with a blank conversation" passed after 1.109 seconds.
✔ Test "A malformed id is refused rather than deleting something at random" passed after 1.113 seconds.
✔ Test "A usable basic response is not retried" passed after 1.108 seconds.
✔ Test "An empty model list is still reported as no model loaded" passed after 1.111 seconds.
✔ Test "An unreadable /v1/models body is not reported as a missing model" passed after 1.111 seconds.
✔ Test "An advanced search does not retry again" passed after 1.107 seconds.
✔ Test "The event stream's own head grants nothing either" passed after 1.134 seconds.
✔ Suite "The HTTP surface grants no cross-origin access" passed after 1.143 seconds.
✔ Test "A stream that ends mid-reply throws instead of finishing" passed after 1.135 seconds.
✔ Test "`data: [DONE]` alone is not a completed response" passed after 1.136 seconds.
✔ Test "A failed turn clears isGenerating too" passed after 1.120 seconds.
✔ Test "Three blank items retry at advanced and return the real hits" passed after 1.140 seconds.
✔ Test "An absolute filename is contained" passed after 0.061 seconds.
◇ Test "A name that is still not usable after reduction is refused, not renamed" started.
✔ Test "The advanced retry keeps includeAnswer" passed after 1.145 seconds.
✔ Suite "The empty-result retry follows the blank filter (audit A56)" passed after 1.162 seconds.
✔ Test "A FIFO staged as an attachment cannot wedge the conversion" passed after 1.159 seconds.
✔ Test "A command that outlives the timeout is killed and reaped, not waited on" passed after 1.160 seconds.
✔ Suite "SystemProcess deadline and pipes (A36)" passed after 1.170 seconds.
✔ Test "A link that names nothing says so, rather than opening an empty conversation" passed after 1.209 seconds.
✔ Test "response.incomplete ends the read instead of consuming what follows" passed after 1.168 seconds.
✔ Test "response.failed ends the read instead of consuming what follows" passed after 1.168 seconds.
✔ Test "An explicit failure keeps the server's own reason" passed after 1.205 seconds.
✔ Test "A top-level error event ends the read too" passed after 1.168 seconds.
✔ Suite "A reported failure ends the read (audit A107)" passed after 1.213 seconds.
✔ Test "A stream that completes yields its text, its usage and no error" passed after 1.208 seconds.
✔ Test "A streaming client that goes away is pruned from the server's books" passed after 1.204 seconds.
✔ Suite "HTTP server reaping" passed after 1.219 seconds.
✔ Test "The engine does not record a truncated stream as a finished turn" passed after 1.212 seconds.
✔ Suite "A truncated stream is not a finished turn (audit A54)" passed after 1.222 seconds.
✔ Test "A name that is still not usable after reduction is refused, not renamed" passed after 0.063 seconds.
◇ Test "A normal filename still works and still produces an attachment" started.
✔ Test "A conversation that has started refuses new material" passed after 1.247 seconds.
✔ Suite "Source material in the prompt" passed after 1.255 seconds.
✔ Test "A later probe failure cannot fail an otherwise good turn" passed after 1.242 seconds.
✔ Test "Only the first turn probes /v1/models" passed after 1.251 seconds.
✔ Test "A renamed seat's reply is logged under the new name" passed after 1.265 seconds.
✔ Test "The text export keeps Unicode, and stays valid UTF-8" passed after 1.262 seconds.
✔ Test "The tool log reaches a state-only client through the live view" passed after 1.253 seconds.
✔ Test "A normal filename still works and still produces an attachment" passed after 0.086 seconds.
◇ Test "Posting the traversal to the route the API serves is contained there too" started.
✔ Test "The room is told who is asking, through the engine's own turn" passed after 1.319 seconds.
✔ Test "An unloaded engine probes again on the next turn" passed after 1.331 seconds.
✔ Suite "The readiness probe runs when it is needed (audit A57)" passed after 1.345 seconds.
✔ Test "An observeEvents subscriber sees each token once, in order" passed after 1.345 seconds.
✔ Test "Entertainment starts no session, because it has no end condition" passed after 1.451 seconds.
✔ Test "A turn in flight reports isGenerating, and its end clears it" passed after 1.436 seconds.
✔ Suite "A turn's end is observable in the engine's live view" passed after 1.464 seconds.
✔ Test "Only a contribution can be scored" passed after 1.437 seconds.
✔ Test "A contribution can be scored, and the scorecard comes back" passed after 1.442 seconds.
✔ Test "A vote never reaches a prompt" passed after 1.454 seconds.
✔ Test "A vote survives being saved and reopened" passed after 1.469 seconds.
✔ Test "Clearing the votes empties the scorecard" passed after 1.479 seconds.
✔ Test "A client can ask the engine for its state and get it" passed after 1.503 seconds.
◇ Test "A client is still served after sitting idle on its connection" started.
✔ Test "The session ends when the room has taken every subject up" passed after 1.511 seconds.
✔ Test "The budget cannot be changed once the investigation has started" passed after 1.522 seconds.
✔ Test "The report is logged as its own kind of turn, not as a contribution" passed after 1.522 seconds.
✔ Test "The session stops at its round budget and a report is produced" passed after 1.524 seconds.
✔ Test "The report says how far the investigation went and why it stopped" passed after 1.525 seconds.
✔ Test "The report reaches the API snapshot, with its warnings" passed after 1.527 seconds.
✔ Test "A convergence stop produces a report too, and says why" passed after 1.528 seconds.
✔ Test "Turn limit pauses the loop instead of running forever" passed after 1.534 seconds.
✔ Test "A reopened investigation keeps its report, which is the deliverable" passed after 1.521 seconds.
✔ Test "A renamed seat is named in the prompt the engine actually receives" passed after 1.882 seconds.
✔ Suite "Renaming a seat" passed after 1.888 seconds.
✔ Test "A transcript survives the engine round trip and the tagged log intact" passed after 1.903 seconds.
✔ Suite "UTF-8 text handling" passed after 1.918 seconds.
✔ Test "Posting the traversal to the route the API serves is contained there too" passed after 0.607 seconds.
✔ Suite "Where an upload may be written" passed after 1.917 seconds.
✔ Test "The events stream also carries each event once" passed after 1.913 seconds.
✔ Suite "Engine events are published once (A92)" passed after 1.921 seconds.
✔ Test "The engine answers a state request while a document is converting" passed after 1.898 seconds.
✔ Suite "A conversion does not block the engine" passed after 1.925 seconds.
✔ Test "The moderator writes the report, and is told it is organising rather than adding" passed after 1.921 seconds.
✔ Suite "A research session end to end" passed after 1.930 seconds.
✔ Test "The room taking every subject up can still conclude" passed after 1.863 seconds.
✔ Test "Web tools are offered only to seats that enable them" passed after 1.968 seconds.
✔ Test "A conversation links a running engine to the store it is written into" passed after 1.972 seconds.
✔ Test "The ceiling stops the session on the count that was spent" passed after 1.997 seconds.
✔ Test "The share page keeps its inline stylesheet and script" passed after 2.014 seconds.
✔ Suite "The response boundary carries a policy" passed after 2.047 seconds.
✔ Test "A kept conversation can be opened from its link" passed after 2.043 seconds.
✔ Test "Reopening a finished session and pressing Start writes no second report" passed after 2.022 seconds.
✔ Test "A page reached through a proxy builds its links on the host it was reached on" passed after 2.083 seconds.
✔ Suite "Sharing over HTTP" passed after 2.088 seconds.
✔ Test "Deleting removes it from disk, and says so by returning the shorter list" passed after 2.077 seconds.
✔ Test "A kept conversation comes back with its transcript and its topic" passed after 2.089 seconds.
✔ Suite "Kept conversations over HTTP" passed after 2.099 seconds.
✔ Test "The moderator's assignments are visible in the exported transcript" passed after 2.139 seconds.
✔ Test "The moderator assigns work instead of letting the rotation decide" passed after 2.139 seconds.
✔ Test "An unbounded session stops at the ceiling rather than running past it" passed after 2.095 seconds.
✔ Test "The seat that is assigned is the seat that speaks next" passed after 2.140 seconds.
✔ Test "A session that has not covered the question does not conclude early" passed after 2.140 seconds.
✔ Test "A connection that sends a partial request and stalls is dropped" passed after 2.108 seconds.
◇ Test "Connections over the cap are refused rather than entered in the table" started.
✔ Test "Naming every subject without a basis does not end the session as answered" passed after 2.122 seconds.
✔ Suite "A session does not call unsourced keyword soup an answer" passed after 2.187 seconds.
✔ Test "The assignment reaches the seat in its prompt, tagged as the moderator's" passed after 2.188 seconds.
✔ Test "Reset clears the log and the turn counters" passed after 2.188 seconds.
✔ Test "The opening log is topic then introduction, numbered in order" passed after 2.188 seconds.
✔ Test "Seat B reads seat A's message in its prompt" passed after 2.203 seconds.
✔ Test "Seats alternate and both see the identical shared log" passed after 2.221 seconds.
✔ Test "Clearing a finished investigation leaves it able to run again" passed after 2.194 seconds.
✔ Test "The turn limit scales with the roster in the default configuration" passed after 2.174 seconds.
✔ Suite "Voting on a conversation" passed after 2.222 seconds.
✔ Test "The context estimate accounts for the prompt, not just the transcript" passed after 2.172 seconds.
✔ Test "Steering an idle conversation starts it" passed after 2.229 seconds.
✔ Test "Disabling compaction leaves the log intact" passed after 2.202 seconds.
✔ Test "A session saved mid-run is still resumed rather than suppressed" passed after 2.233 seconds.
✔ Suite "A finished research conversation is not reported twice" passed after 2.283 seconds.
✔ Test "An entertainment run is not directed at all" passed after 2.283 seconds.
✔ Test "A three-seat conversation also rotates through all three" passed after 2.283 seconds.
✔ Test "Mid-turn steering is queued, delivered once, and seen by both seats" passed after 2.298 seconds.
✔ Test "A revising turn resets the convergence count instead of adding to it" passed after 2.288 seconds.
✔ Suite "A room that keeps revising its position has not converged (A71)" passed after 2.302 seconds.
✔ Test "Compaction reduces the estimated prompt" passed after 2.259 seconds.
✔ Test "Connections over the cap are refused rather than entered in the table" passed after 0.151 seconds.
✔ Suite "HTTP connections have limits" passed after 2.320 seconds.
✔ Test "With too little history it declines instead of condensing one message" passed after 2.265 seconds.
✔ Test "An engine that reports no window falls back to the spec's" passed after 2.318 seconds.
✔ Test "The threshold fires against the engine's window, not the spec's" passed after 2.320 seconds.
✔ Suite "Compaction follows the engine's context window" passed after 2.355 seconds.
✔ Test "The digest is placed after the opening, not in front of it" passed after 2.294 seconds.
✔ Test "Compacting keeps the transcript ordered and uniquely numbered" passed after 2.293 seconds.
✔ Test "An empty digest is refused rather than replacing the log with nothing" passed after 2.294 seconds.
✔ Test "A failing condensation leaves the log untouched and says so" passed after 2.294 seconds.
✔ Test "Pause stops new turns; resume continues the rotation" passed after 2.365 seconds.
✔ Test "A digest replaces older turns, keeping the topic, brief and recent turns" passed after 2.303 seconds.
✔ Suite "Compaction" passed after 2.366 seconds.
✔ Test "Turn order rotates through every seat and then repeats" passed after 2.322 seconds.
✔ Test "No seat speaks twice before the others have spoken" passed after 2.365 seconds.
✔ Test "Every seat speaks, in order, in a four-way conversation" passed after 2.366 seconds.
✔ Suite "Four seats" passed after 2.381 seconds.
✔ Test "Stop after a restart stops the loop that is actually running" passed after 2.391 seconds.
✔ Test "A cancelled predecessor does not clear the replacement's task reference" passed after 2.391 seconds.
✔ Suite "A restarted conversation keeps its new loop" passed after 2.398 seconds.
✔ Test "Four seats rotate in order too" passed after 2.378 seconds.
✔ Test "Every seat reads the contributions of all the others" passed after 2.379 seconds.
✔ Suite "Roster size" passed after 2.427 seconds.
✔ Test "What the analysts say decides what is asked next" passed after 2.489 seconds.
✔ Suite "A directed investigation, driven through the engine" passed after 2.495 seconds.
✔ Test "A turn that makes three tool calls is charged three, not one" passed after 2.451 seconds.
✔ Test "A turn that makes no call is charged nothing even after one that did" passed after 2.451 seconds.
✔ Suite "The search budget counts real tool calls (A73)" passed after 2.500 seconds.
✔ Test "The mode is fixed once the conversation has started" passed after 2.570 seconds.
✔ Suite "Switching the room's mode" passed after 2.597 seconds.
✔ Test "A scenario cannot be applied to a conversation already running" passed after 2.546 seconds.
✔ Test "A line-up cannot be changed once the conversation has started" passed after 2.423 seconds.
✔ Suite "Scenarios" passed after 2.599 seconds.
✔ Suite "Line-ups" passed after 2.599 seconds.
✔ Test "A moderator can be renamed while a conversation is running" passed after 2.618 seconds.
✔ Suite "The human moderator's identity" passed after 2.629 seconds.
✔ Test "The buffer holds a bounded number of events, not the whole run" passed after 3.056 seconds.
✔ Suite "An unobserved event stream is bounded" passed after 3.110 seconds.
✔ Test "A client is still served after sitting idle on its connection" passed after 1.700 seconds.
◇ Test "After probing, the real client still reaches the engine" started.
✔ Test "After probing, the real client still reaches the engine" passed after 0.631 seconds.
◇ Test "The engine serves a new client after the previous one has gone" started.
✔ Test "The engine serves a new client after the previous one has gone" passed after 1.121 seconds.
◇ Test "A command over the transport changes the engine state" started.
✔ Test "A command over the transport changes the engine state" passed after 0.431 seconds.
◇ Test "A change is pushed to an attached client" started.
✔ Test "A change is pushed to an attached client" passed after 0.356 seconds.
◇ Test "A request too large to frame fails at the sender and leaves the session usable" started.
✔ Test "A request too large to frame fails at the sender and leaves the session usable" passed after 0.833 seconds.
✔ Suite "Engine transport" passed after 6.592 seconds.
◇ Test "A stream quiet past the request deadline is still connected" started.
✔ Test "A stream quiet past the request deadline is still connected" passed after 3.436 seconds.
◇ Test "A channel whose peer has gone still fails" started.
✔ Test "A channel whose peer has gone still fails" passed after 5.516 seconds.
✔ Suite "A silent stream is not killed by the request timeout (A100)" passed after 15.546 seconds.
◇ Test "A connected client is no longer served after the server stops" started.
✔ Test "A connected client is no longer served after the server stops" passed after 0.464 seconds.
✔ Suite "Stopping the engine stops its sessions" passed after 16.010 seconds.
◇ Test "An abandoned request's reply is not delivered to the next request" started.
✔ Test "An abandoned request's reply is not delivered to the next request" passed after 0.770 seconds.
◇ Test "Overlapping requests each receive their own reply" started.
✔ Test "Overlapping requests each receive their own reply" passed after 0.508 seconds.
✔ Suite "Replies are matched to requests" passed after 17.289 seconds.
◇ Test "A client whose retry fails does not report itself connected" started.
✔ Test "A client whose retry fails does not report itself connected" passed after 2.472 seconds.
✔ Suite "A failed connect leaves no session behind" passed after 19.761 seconds.
✔ Test run with 824 tests in 139 suites passed after 19.765 seconds.
